0,0,0,20,0.0125126,0,-1,0,-9.8,
0,0,0,20,5.63585,0,-1,0,-9.8,
4,0,0,20,1.93304,0,-1,0,-9.8,
4,0,12.3607,20,8.08741,0,-1,0,-9.8,
8,0,0,20,5.85009,0,-1,0,-9.8,
8,0,23.5114,20,4.79873,0,-1,0,-9.8,
12,0,0,20,3.50291,0,-1,0,-9.8,
12,0,32.3607,20,8.95962,0,-1,0,-9.8,
16,0,0,20,8.2284,0,-1,0,-9.8,
16,0,38.0423,20,7.46605,0,-1,0,-9.8,
20,0,0,20,1.74108,0,-1,0,-9.8,
20,0,40,20,8.58943,0,-1,0,-9.8,
24,0,0,20,7.10501,0,-1,0,-9.8,
24,0,38.0423,20,5.13535,0,-1,0,-9.8,
28,0,0,20,3.03995,0,-1,0,-9.8,
28,0,32.3607,20,0.149846,0,-1,0,-9.8,
32,0,0,20,0.914029,0,-1,0,-9.8,
32,0,23.5114,20,3.64452,0,-1,0,-9.8,
36,0,0,20,1.47313,0,-1,0,-9.8,
36,0,12.3607,20,1.65899,0,-1,0,-9.8,
0,1,0,20,9.88525,0,-1,0,-9.8,
0,1,0,20,4.45692,0,-1,0,-9.8,
4,1,0,20,1.19083,0,-1,0,-9.8,
4,1,12.3607,20,0.0466933,0,-1,0,-9.8,
8,1,0,20,0.089114,0,-1,0,-9.8,
8,1,23.5114,20,3.7788,0,-1,0,-9.8,
12,1,0,20,5.31663,0,-1,0,-9.8,
12,1,32.3607,20,5.71184,0,-1,0,-9.8,
16,1,0,20,6.01764,0,-1,0,-9.8,
16,1,38.0423,20,6.07166,0,-1,0,-9.8,
20,1,0,20,1.66234,0,-1,0,-9.8,
20,1,40,20,6.63045,0,-1,0,-9.8,
24,1,0,20,4.50789,0,-1,0,-9.8,
24,1,38.0423,20,3.52123,0,-1,0,-9.8,
28,1,0,20,0.570391,0,-1,0,-9.8,
28,1,32.3607,20,6.07685,0,-1,0,-9.8,
32,1,0,20,7.83319,0,-1,0,-9.8,
32,1,23.5114,20,8.02606,0,-1,0,-9.8,
36,1,0,20,5.19883,0,-1,0,-9.8,
36,1,12.3607,20,3.0195,0,-1,0,-9.8,
0,2,0,20,8.75973,0,-1,0,-9.8,
0,2,0,20,7.26676,0,-1,0,-9.8,
4,2,0,20,9.55901,0,-1,0,-9.8,
4,2,12.3607,20,9.25718,0,-1,0,-9.8,
8,2,0,20,5.39354,0,-1,0,-9.8,
8,2,23.5114,20,1.42338,0,-1,0,-9.8,
12,2,0,20,4.62081,0,-1,0,-9.8,
12,2,32.3607,20,2.35328,0,-1,0,-9.8,
16,2,0,20,8.62239,0,-1,0,-9.8,
16,2,38.0423,20,2.09601,0,-1,0,-9.8,
20,2,0,20,7.79656,0,-1,0,-9.8,
20,2,40,20,8.43654,0,-1,0,-9.8,
24,2,0,20,9.96796,0,-1,0,-9.8,
24,2,38.0423,20,9.99695,0,-1,0,-9.8,
28,2,0,20,6.11499,0,-1,0,-9.8,
28,2,32.3607,20,3.92438,0,-1,0,-9.8,
32,2,0,20,2.66213,0,-1,0,-9.8,
32,2,23.5114,20,2.97281,0,-1,0,-9.8,
36,2,0,20,8.40144,0,-1,0,-9.8,
36,2,12.3607,20,0.237434,0,-1,0,-9.8,
0,3,0,20,3.75866,0,-1,0,-9.8,
0,3,0,20,0.926237,0,-1,0,-9.8,
4,3,0,20,6.77206,0,-1,0,-9.8,
4,3,12.3607,20,0.562151,0,-1,0,-9.8,
8,3,0,20,0.0878933,0,-1,0,-9.8,
8,3,23.5114,20,9.1879,0,-1,0,-9.8,
12,3,0,20,2.75887,0,-1,0,-9.8,
12,3,32.3607,20,2.72897,0,-1,0,-9.8,
16,3,0,20,5.87909,0,-1,0,-9.8,
16,3,38.0423,20,6.91183,0,-1,0,-9.8,
20,3,0,20,8.37611,0,-1,0,-9.8,
20,3,40,20,7.26493,0,-1,0,-9.8,
24,3,0,20,4.84939,0,-1,0,-9.8,
24,3,38.0423,20,2.05359,0,-1,0,-9.8,
28,3,0,20,7.43736,0,-1,0,-9.8,
28,3,32.3607,20,4.68459,0,-1,0,-9.8,
32,3,0,20,4.57961,0,-1,0,-9.8,
32,3,23.5114,20,9.49156,0,-1,0,-9.8,
36,3,0,20,7.44438,0,-1,0,-9.8,
36,3,12.3607,20,1.0828,0,-1,0,-9.8,
0,4,0,20,5.99048,0,-1,0,-9.8,
0,4,0,20,3.85235,0,-1,0,-9.8,
4,4,0,20,7.35008,0,-1,0,-9.8,
4,4,12.3607,20,6.08966,0,-1,0,-9.8,
8,4,0,20,5.72405,0,-1,0,-9.8,
8,4,23.5114,20,3.61339,0,-1,0,-9.8,
12,4,0,20,1.51555,0,-1,0,-9.8,
12,4,32.3607,20,2.25105,0,-1,0,-9.8,
16,4,0,20,4.25153,0,-1,0,-9.8,
16,4,38.0423,20,8.02881,0,-1,0,-9.8,
20,4,0,20,5.17106,0,-1,0,-9.8,
20,4,40,20,9.8999,0,-1,0,-9.8,
24,4,0,20,7.51549,0,-1,0,-9.8,
24,4,38.0423,20,3.45561,0,-1,0,-9.8,
28,4,0,20,1.68981,0,-1,0,-9.8,
28,4,32.3607,20,6.57308,0,-1,0,-9.8,
32,4,0,20,4.91897,0,-1,0,-9.8,
32,4,23.5114,20,0.635395,0,-1,0,-9.8,
36,4,0,20,6.99759,0,-1,0,-9.8,
36,4,12.3607,20,5.04807,0,-1,0,-9.8,
0,5,0,20,1.47496,0,-1,0,-9.8,
0,5,0,20,9.49583,0,-1,0,-9.8,
4,5,0,20,1.41575,0,-1,0,-9.8,
4,5,12.3607,20,9.05118,0,-1,0,-9.8,
8,5,0,20,6.92892,0,-1,0,-9.8,
8,5,23.5114,20,3.03049,0,-1,0,-9.8,
12,5,0,20,4.26557,0,-1,0,-9.8,
12,5,32.3607,20,0.703757,0,-1,0,-9.8,
16,5,0,20,9.66613,0,-1,0,-9.8,
16,5,38.0423,20,6.83187,0,-1,0,-9.8,
20,5,0,20,1.53233,0,-1,0,-9.8,
20,5,40,20,8.77255,0,-1,0,-9.8,
24,5,0,20,8.2168,0,-1,0,-9.8,
24,5,38.0423,20,5.82049,0,-1,0,-9.8,
28,5,0,20,1.91351,0,-1,0,-9.8,
28,5,32.3607,20,1.77892,0,-1,0,-9.8,
32,5,0,20,8.17194,0,-1,0,-9.8,
32,5,23.5114,20,4.75265,0,-1,0,-9.8,
36,5,0,20,1.55553,0,-1,0,-9.8,
36,5,12.3607,20,5.03922,0,-1,0,-9.8,
0,6,0,20,7.32017,0,-1,0,-9.8,
0,6,0,20,4.05591,0,-1,0,-9.8,
4,6,0,20,2.7958,0,-1,0,-9.8,
4,6,12.3607,20,5.68743,0,-1,0,-9.8,
8,6,0,20,6.82241,0,-1,0,-9.8,
8,6,23.5114,20,7.55852,0,-1,0,-9.8,
12,6,0,20,7.21915,0,-1,0,-9.8,
12,6,32.3607,20,4.75295,0,-1,0,-9.8,
16,6,0,20,1.2302,0,-1,0,-9.8,
16,6,38.0423,20,3.67809,0,-1,0,-9.8,
20,6,0,20,8.34681,0,-1,0,-9.8,
20,6,40,20,0.350963,0,-1,0,-9.8,
24,6,0,20,5.17014,0,-1,0,-9.8,
24,6,38.0423,20,6.62984,0,-1,0,-9.8,
28,6,0,20,4.26222,0,-1,0,-9.8,
28,6,32.3607,20,1.04678,0,-1,0,-9.8,
32,6,0,20,9.49339,0,-1,0,-9.8,
32,6,23.5114,20,9.21384,0,-1,0,-9.8,
36,6,0,20,5.49547,0,-1,0,-9.8,
36,6,12.3607,20,3.45988,0,-1,0,-9.8,
0,7,0,20,4.71725,0,-1,0,-9.8,
0,7,0,20,3.74981,0,-1,0,-9.8,
4,7,0,20,8.4698,0,-1,0,-9.8,
4,7,12.3607,20,3.16874,0,-1,0,-9.8,
8,7,0,20,4.56099,0,-1,0,-9.8,
8,7,23.5114,20,2.71889,0,-1,0,-9.8,
12,7,0,20,9.82971,0,-1,0,-9.8,
12,7,32.3607,20,2.978,0,-1,0,-9.8,
16,7,0,20,7.39189,0,-1,0,-9.8,
16,7,38.0423,20,5.67278,0,-1,0,-9.8,
20,7,0,20,1.9599,0,-1,0,-9.8,
20,7,40,20,7.61315,0,-1,0,-9.8,
24,7,0,20,8.39442,0,-1,0,-9.8,
24,7,38.0423,20,3.97656,0,-1,0,-9.8,
28,7,0,20,5.009,0,-1,0,-9.8,
28,7,32.3607,20,8.90164,0,-1,0,-9.8,
32,7,0,20,0.274667,0,-1,0,-9.8,
32,7,23.5114,20,9.94629,0,-1,0,-9.8,
36,7,0,20,5.72588,0,-1,0,-9.8,
36,7,12.3607,20,0.505081,0,-1,0,-9.8,
0,8,0,20,5.31327,0,-1,0,-9.8,
0,8,0,20,1.94067,0,-1,0,-9.8,
4,8,0,20,8.43043,0,-1,0,-9.8,
4,8,12.3607,20,6.26759,0,-1,0,-9.8,
8,8,0,20,6.57613,0,-1,0,-9.8,
8,8,23.5114,20,1.97851,0,-1,0,-9.8,
12,8,0,20,8.42158,0,-1,0,-9.8,
12,8,32.3607,20,1.23325,0,-1,0,-9.8,
16,8,0,20,1.09928,0,-1,0,-9.8,
16,8,38.0423,20,7.43126,0,-1,0,-9.8,
20,8,0,20,3.14066,0,-1,0,-9.8,
20,8,40,20,9.41069,0,-1,0,-9.8,
24,8,0,20,2.86081,0,-1,0,-9.8,
24,8,38.0423,20,3.36314,0,-1,0,-9.8,
28,8,0,20,1.40263,0,-1,0,-9.8,
28,8,32.3607,20,7.33085,0,-1,0,-9.8,
32,8,0,20,8.3462,0,-1,0,-9.8,
32,8,23.5114,20,7.07999,0,-1,0,-9.8,
36,8,0,20,6.00238,0,-1,0,-9.8,
36,8,12.3607,20,7.47215,0,-1,0,-9.8,
0,9,0,20,2.52724,0,-1,0,-9.8,
0,9,0,20,1.44475,0,-1,0,-9.8,
4,9,0,20,0.0161748,0,-1,0,-9.8,
4,9,12.3607,20,0.610065,0,-1,0,-9.8,
8,9,0,20,8.06238,0,-1,0,-9.8,
8,9,23.5114,20,8.52626,0,-1,0,-9.8,
12,9,0,20,2.10578,0,-1,0,-9.8,
12,9,32.3607,20,1.15604,0,-1,0,-9.8,
16,9,0,20,5.53209,0,-1,0,-9.8,
16,9,38.0423,20,0.142521,0,-1,0,-9.8,
20,9,0,20,1.13773,0,-1,0,-9.8,
20,9,40,20,4.54512,0,-1,0,-9.8,
24,9,0,20,7.5222,0,-1,0,-9.8,
24,9,38.0423,20,6.86148,0,-1,0,-9.8,
28,9,0,20,5.43443,0,-1,0,-9.8,
28,9,32.3607,20,0.738853,0,-1,0,-9.8,
32,9,0,20,4.3672,0,-1,0,-9.8,
32,9,23.5114,20,2.01941,0,-1,0,-9.8,
36,9,0,20,6.96219,0,-1,0,-9.8,
36,9,12.3607,20,2.90353,0,-1,0,-9.8,
0,10,0,20,4.36689,0,-1,0,-9.8,
0,10,0,20,2.32429,0,-1,0,-9.8,
4,10,0,20,5.77868,0,-1,0,-9.8,
4,10,12.3607,20,5.32579,0,-1,0,-9.8,
8,10,0,20,6.28681,0,-1,0,-9.8,
8,10,23.5114,20,1.60192,0,-1,0,-9.8,
12,10,0,20,5.04135,0,-1,0,-9.8,
12,10,32.3607,20,9.63042,0,-1,0,-9.8,
16,10,0,20,6.95761,0,-1,0,-9.8,
16,10,38.0423,20,9.24802,0,-1,0,-9.8,
20,10,0,20,1.89947,0,-1,0,-9.8,
20,10,40,20,3.35948,0,-1,0,-9.8,
24,10,0,20,1.7835,0,-1,0,-9.8,
24,10,38.0423,20,9.95178,0,-1,0,-9.8,
28,10,0,20,4.57442,0,-1,0,-9.8,
28,10,32.3607,20,9.98016,0,-1,0,-9.8,
32,10,0,20,0.975066,0,-1,0,-9.8,
32,10,23.5114,20,6.25172,0,-1,0,-9.8,
36,10,0,20,0.943937,0,-1,0,-9.8,
36,10,12.3607,20,4.37727,0,-1,0,-9.8,
0,11,0,20,9.31516,0,-1,0,-9.8,
0,11,0,20,0.484329,0,-1,0,-9.8,
4,11,0,20,8.9462,0,-1,0,-9.8,
4,11,12.3607,20,2.90017,0,-1,0,-9.8,
8,11,0,20,2.27302,0,-1,0,-9.8,
8,11,23.5114,20,7.69066,0,-1,0,-9.8,
12,11,0,20,4.10718,0,-1,0,-9.8,
12,11,32.3607,20,2.01971,0,-1,0,-9.8,
16,11,0,20,6.28071,0,-1,0,-9.8,
16,11,38.0423,20,6.04144,0,-1,0,-9.8,
20,11,0,20,4.51613,0,-1,0,-9.8,
20,11,40,20,4.66353,0,-1,0,-9.8,
24,11,0,20,5.97827,0,-1,0,-9.8,
24,11,38.0423,20,6.34724,0,-1,0,-9.8,
28,11,0,20,8.54793,0,-1,0,-9.8,
28,11,32.3607,20,8.28791,0,-1,0,-9.8,
32,11,0,20,6.24775,0,-1,0,-9.8,
32,11,23.5114,20,7.20908,0,-1,0,-9.8,
36,11,0,20,5.65752,0,-1,0,-9.8,
36,11,12.3607,20,3.75134,0,-1,0,-9.8,
0,12,0,20,1.84271,0,-1,0,-9.8,
0,12,0,20,7.37907,0,-1,0,-9.8,
4,12,0,20,5.55132,0,-1,0,-9.8,
4,12,12.3607,20,9.05087,0,-1,0,-9.8,
8,12,0,20,2.42866,0,-1,0,-9.8,
8,12,23.5114,20,1.8894,0,-1,0,-9.8,
12,12,0,20,6.04724,0,-1,0,-9.8,
12,12,32.3607,20,6.98508,0,-1,0,-9.8,
16,12,0,20,5.84613,0,-1,0,-9.8,
16,12,38.0423,20,3.51299,0,-1,0,-9.8,
20,12,0,20,4.94461,0,-1,0,-9.8,
20,12,40,20,0.803858,0,-1,0,-9.8,
24,12,0,20,7.40745,0,-1,0,-9.8,
24,12,38.0423,20,6.12049,0,-1,0,-9.8,
28,12,0,20,6.2038,0,-1,0,-9.8,
28,12,32.3607,20,6.91122,0,-1,0,-9.8,
32,12,0,20,8.04529,0,-1,0,-9.8,
32,12,23.5114,20,1.49113,0,-1,0,-9.8,
36,12,0,20,5.76037,0,-1,0,-9.8,
36,12,12.3607,20,8.67733,0,-1,0,-9.8,
0,13,0,20,9.11557,0,-1,0,-9.8,
0,13,0,20,6.14704,0,-1,0,-9.8,
4,13,0,20,7.27683,0,-1,0,-9.8,
4,13,12.3607,20,0.432142,0,-1,0,-9.8,
8,13,0,20,6.67776,0,-1,0,-9.8,
8,13,23.5114,20,9.76531,0,-1,0,-9.8,
12,13,0,20,3.15012,0,-1,0,-9.8,
12,13,32.3607,20,5.69201,0,-1,0,-9.8,
16,13,0,20,3.05826,0,-1,0,-9.8,
16,13,38.0423,20,1.73925,0,-1,0,-9.8,
20,13,0,20,1.08554,0,-1,0,-9.8,
20,13,40,20,8.69045,0,-1,0,-9.8,
24,13,0,20,8.51222,0,-1,0,-9.8,
24,13,38.0423,20,7.44316,0,-1,0,-9.8,
28,13,0,20,1.54881,0,-1,0,-9.8,
28,13,32.3607,20,3.26914,0,-1,0,-9.8,
32,13,0,20,0.793481,0,-1,0,-9.8,
32,13,23.5114,20,0.766015,0,-1,0,-9.8,
36,13,0,20,6.4098,0,-1,0,-9.8,
36,13,12.3607,20,8.20002,0,-1,0,-9.8,
0,14,0,20,5.45091,0,-1,0,-9.8,
0,14,0,20,4.48256,0,-1,0,-9.8,
4,14,0,20,4.08979,0,-1,0,-9.8,
4,14,12.3607,20,2.98746,0,-1,0,-9.8,
8,14,0,20,4.6556,0,-1,0,-9.8,
8,14,23.5114,20,5.01205,0,-1,0,-9.8,
12,14,0,20,1.52654,0,-1,0,-9.8,
12,14,32.3607,20,3.23038,0,-1,0,-9.8,
16,14,0,20,7.37999,0,-1,0,-9.8,
16,14,38.0423,20,3.13883,0,-1,0,-9.8,
20,14,0,20,8.26685,0,-1,0,-9.8,
20,14,40,20,9.59075,0,-1,0,-9.8,
24,14,0,20,8.73348,0,-1,0,-9.8,
24,14,38.0423,20,7.25028,0,-1,0,-9.8,
28,14,0,20,3.00058,0,-1,0,-9.8,
28,14,32.3607,20,9.43999,0,-1,0,-9.8,
32,14,0,20,1.27232,0,-1,0,-9.8,
32,14,23.5114,20,0.657369,0,-1,0,-9.8,
36,14,0,20,7.84967,0,-1,0,-9.8,
36,14,12.3607,20,5.24583,0,-1,0,-9.8,
0,15,0,20,6.09638,0,-1,0,-9.8,
0,15,0,20,9.56114,0,-1,0,-9.8,
4,15,0,20,0.722678,0,-1,0,-9.8,
4,15,12.3607,20,8.75637,0,-1,0,-9.8,
8,15,0,20,6.53859,0,-1,0,-9.8,
8,15,23.5114,20,3.22123,0,-1,0,-9.8,
12,15,0,20,1.04801,0,-1,0,-9.8,
12,15,32.3607,20,5.05051,0,-1,0,-9.8,
16,15,0,20,2.27088,0,-1,0,-9.8,
16,15,38.0423,20,2.90292,0,-1,0,-9.8,
20,15,0,20,9.1998,0,-1,0,-9.8,
20,15,40,20,5.51164,0,-1,0,-9.8,
24,15,0,20,6.62801,0,-1,0,-9.8,
24,15,38.0423,20,1.14536,0,-1,0,-9.8,
28,15,0,20,4.92538,0,-1,0,-9.8,
28,15,32.3607,20,3.79131,0,-1,0,-9.8,
32,15,0,20,4.96811,0,-1,0,-9.8,
32,15,23.5114,20,7.93359,0,-1,0,-9.8,
36,15,0,20,5.09262,0,-1,0,-9.8,
36,15,12.3607,20,3.82366,0,-1,0,-9.8,
0,16,0,20,6.88162,0,-1,0,-9.8,
0,16,0,20,5.32151,0,-1,0,-9.8,
4,16,0,20,6.06281,0,-1,0,-9.8,
4,16,12.3607,20,3.95184,0,-1,0,-9.8,
8,16,0,20,0.0589007,0,-1,0,-9.8,
8,16,23.5114,20,7.07877,0,-1,0,-9.8,
12,16,0,20,1.0062,0,-1,0,-9.8,
12,16,32.3607,20,6.23066,0,-1,0,-9.8,
16,16,0,20,8.63247,0,-1,0,-9.8,
16,16,38.0423,20,4.91501,0,-1,0,-9.8,
20,16,0,20,7.47337,0,-1,0,-9.8,
20,16,40,20,4.96902,0,-1,0,-9.8,
24,16,0,20,3.80108,0,-1,0,-9.8,
24,16,38.0423,20,7.85363,0,-1,0,-9.8,
28,16,0,20,5.52812,0,-1,0,-9.8,
28,16,32.3607,20,3.57097,0,-1,0,-9.8,
32,16,0,20,9.55718,0,-1,0,-9.8,
32,16,23.5114,20,6.30848,0,-1,0,-9.8,
36,16,0,20,1.7658,0,-1,0,-9.8,
36,16,12.3607,20,3.74248,0,-1,0,-9.8,
0,17,0,20,1.31626,0,-1,0,-9.8,
0,17,0,20,7.43278,0,-1,0,-9.8,
4,17,0,20,9.5172,0,-1,0,-9.8,
4,17,12.3607,20,6.11988,0,-1,0,-9.8,
8,17,0,20,0.278329,0,-1,0,-9.8,
8,17,23.5114,20,3.29844,0,-1,0,-9.8,
12,17,0,20,0.559099,0,-1,0,-9.8,
12,17,32.3607,20,6.3921,0,-1,0,-9.8,
16,17,0,20,1.31626,0,-1,0,-9.8,
16,17,38.0423,20,8.47072,0,-1,0,-9.8,
20,17,0,20,8.64315,0,-1,0,-9.8,
20,17,40,20,5.96881,0,-1,0,-9.8,
24,17,0,20,7.21641,0,-1,0,-9.8,
24,17,38.0423,20,8.53969,0,-1,0,-9.8,
28,17,0,20,0.146794,0,-1,0,-9.8,
28,17,32.3607,20,1.26469,0,-1,0,-9.8,
32,17,0,20,7.07907,0,-1,0,-9.8,
32,17,23.5114,20,6.17145,0,-1,0,-9.8,
36,17,0,20,2.17566,0,-1,0,-9.8,
36,17,12.3607,20,0.659505,0,-1,0,-9.8,
0,18,0,20,1.6892,0,-1,0,-9.8,
0,18,0,20,6.24104,0,-1,0,-9.8,
4,18,0,20,3.40983,0,-1,0,-9.8,
4,18,12.3607,20,3.19407,0,-1,0,-9.8,
8,18,0,20,3.67565,0,-1,0,-9.8,
8,18,23.5114,20,6.61,0,-1,0,-9.8,
12,18,0,20,8.02393,0,-1,0,-9.8,
12,18,32.3607,20,8.06879,0,-1,0,-9.8,
16,18,0,20,5.26536,0,-1,0,-9.8,
16,18,38.0423,20,6.11103,0,-1,0,-9.8,
20,18,0,20,7.98181,0,-1,0,-9.8,
20,18,40,20,9.00601,0,-1,0,-9.8,
24,18,0,20,1.4481,0,-1,0,-9.8,
24,18,38.0423,20,6.30177,0,-1,0,-9.8,
28,18,0,20,4.02417,0,-1,0,-9.8,
28,18,32.3607,20,2.537,0,-1,0,-9.8,
32,18,0,20,1.3654,0,-1,0,-9.8,
32,18,23.5114,20,8.5519,0,-1,0,-9.8,
36,18,0,20,0.661641,0,-1,0,-9.8,
36,18,12.3607,20,4.27808,0,-1,0,-9.8,
0,19,0,20,5.73351,0,-1,0,-9.8,
0,19,0,20,3.02286,0,-1,0,-9.8,
4,19,0,20,5.48051,0,-1,0,-9.8,
4,19,12.3607,20,2.25562,0,-1,0,-9.8,
8,19,0,20,3.1135,0,-1,0,-9.8,
8,19,23.5114,20,1.1063,0,-1,0,-9.8,
12,19,0,20,8.08039,0,-1,0,-9.8,
12,19,32.3607,20,1.34709,0,-1,0,-9.8,
16,19,0,20,2.84249,0,-1,0,-9.8,
16,19,38.0423,20,7.8811,0,-1,0,-9.8,
20,19,0,20,8.9523,0,-1,0,-9.8,
20,19,40,20,7.89636,0,-1,0,-9.8,
24,19,0,20,7.43797,0,-1,0,-9.8,
24,19,38.0423,20,6.15223,0,-1,0,-9.8,
28,19,0,20,3.61126,0,-1,0,-9.8,
28,19,32.3607,20,8.56655,0,-1,0,-9.8,
32,19,0,20,2.28492,0,-1,0,-9.8,
32,19,23.5114,20,8.63582,0,-1,0,-9.8,
36,19,0,20,2.29438,0,-1,0,-9.8,
36,19,12.3607,20,2.4955,0,-1,0,-9.8,
0,20,0,20,5.42405,0,-1,0,-9.8,
0,20,0,20,9.84832,0,-1,0,-9.8,
4,20,0,20,0.538041,0,-1,0,-9.8,
4,20,12.3607,20,0.814234,0,-1,0,-9.8,
8,20,0,20,5.24674,0,-1,0,-9.8,
8,20,23.5114,20,4.26801,0,-1,0,-9.8,
12,20,0,20,0.946684,0,-1,0,-9.8,
12,20,32.3607,20,2.58797,0,-1,0,-9.8,
16,20,0,20,8.91537,0,-1,0,-9.8,
16,20,38.0423,20,2.32765,0,-1,0,-9.8,
20,20,0,20,1.4655,0,-1,0,-9.8,
20,20,40,20,1.25095,0,-1,0,-9.8,
24,20,0,20,9.31639,0,-1,0,-9.8,
24,20,38.0423,20,0.801111,0,-1,0,-9.8,
28,20,0,20,0.470901,0,-1,0,-9.8,
28,20,32.3607,20,0.587176,0,-1,0,-9.8,
32,20,0,20,3.36406,0,-1,0,-9.8,
32,20,23.5114,20,9.14701,0,-1,0,-9.8,
36,20,0,20,3.98602,0,-1,0,-9.8,
36,20,12.3607,20,4.32783,0,-1,0,-9.8,
0,21,0,20,9.46165,0,-1,0,-9.8,
0,21,0,20,8.37184,0,-1,0,-9.8,
4,21,0,20,5.34227,0,-1,0,-9.8,
4,21,12.3607,20,8.42097,0,-1,0,-9.8,
8,21,0,20,6.93533,0,-1,0,-9.8,
8,21,23.5114,20,3.97687,0,-1,0,-9.8,
12,21,0,20,2.59163,0,-1,0,-9.8,
12,21,32.3607,20,0.0433363,0,-1,0,-9.8,
16,21,0,20,5.2559,0,-1,0,-9.8,
16,21,38.0423,20,9.54802,0,-1,0,-9.8,
20,21,0,20,3.98694,0,-1,0,-9.8,
20,21,40,20,2.41096,0,-1,0,-9.8,
24,21,0,20,5.85559,0,-1,0,-9.8,
24,21,38.0423,20,2.55135,0,-1,0,-9.8,
28,21,0,20,6.84011,0,-1,0,-9.8,
28,21,32.3607,20,9.4528,0,-1,0,-9.8,
32,21,0,20,4.35499,0,-1,0,-9.8,
32,21,23.5114,20,8.90225,0,-1,0,-9.8,
36,21,0,20,0.0717185,0,-1,0,-9.8,
36,21,12.3607,20,9.40977,0,-1,0,-9.8,
0,22,0,20,6.0155,0,-1,0,-9.8,
0,22,0,20,7.86157,0,-1,0,-9.8,
4,22,0,20,5.76678,0,-1,0,-9.8,
4,22,12.3607,20,1.4243,0,-1,0,-9.8,
8,22,0,20,2.22327,0,-1,0,-9.8,
8,22,23.5114,20,3.83007,0,-1,0,-9.8,
12,22,0,20,0.0427259,0,-1,0,-9.8,
12,22,32.3607,20,4.1792,0,-1,0,-9.8,
16,22,0,20,0.822474,0,-1,0,-9.8,
16,22,38.0423,20,6.59932,0,-1,0,-9.8,
20,22,0,20,8.55098,0,-1,0,-9.8,
20,22,40,20,0.648518,0,-1,0,-9.8,
24,22,0,20,8.1106,0,-1,0,-9.8,
24,22,38.0423,20,6.62069,0,-1,0,-9.8,
28,22,0,20,6.91488,0,-1,0,-9.8,
28,22,32.3607,20,8.02698,0,-1,0,-9.8,
32,22,0,20,5.30137,0,-1,0,-9.8,
32,22,23.5114,20,6.85629,0,-1,0,-9.8,
36,22,0,20,1.42766,0,-1,0,-9.8,
36,22,12.3607,20,6.89505,0,-1,0,-9.8,
0,23,0,20,7.27897,0,-1,0,-9.8,
0,23,0,20,7.77734,0,-1,0,-9.8,
4,23,0,20,0.310678,0,-1,0,-9.8,
4,23,12.3607,20,8.68679,0,-1,0,-9.8,
8,23,0,20,6.4452,0,-1,0,-9.8,
8,23,23.5114,20,7.06565,0,-1,0,-9.8,
12,23,0,20,0.854518,0,-1,0,-9.8,
12,23,32.3607,20,5.51988,0,-1,0,-9.8,
16,23,0,20,9.47905,0,-1,0,-9.8,
16,23,38.0423,20,0.587786,0,-1,0,-9.8,
20,23,0,20,2.74972,0,-1,0,-9.8,
20,23,40,20,1.45177,0,-1,0,-9.8,
24,23,0,20,9.8178,0,-1,0,-9.8,
24,23,38.0423,20,6.19984,0,-1,0,-9.8,
28,23,0,20,2.92245,0,-1,0,-9.8,
28,23,32.3607,20,9.22483,0,-1,0,-9.8,
32,23,0,20,3.67534,0,-1,0,-9.8,
32,23,23.5114,20,6.9454,0,-1,0,-9.8,
36,23,0,20,2.18635,0,-1,0,-9.8,
36,23,12.3607,20,1.55919,0,-1,0,-9.8,
0,24,0,20,2.40547,0,-1,0,-9.8,
0,24,0,20,5.21439,0,-1,0,-9.8,
4,24,0,20,9.0228,0,-1,0,-9.8,
4,24,12.3607,20,1.06418,0,-1,0,-9.8,
8,24,0,20,9.02646,0,-1,0,-9.8,
8,24,23.5114,20,4.41725,0,-1,0,-9.8,
12,24,0,20,0.801111,0,-1,0,-9.8,
12,24,32.3607,20,7.82098,0,-1,0,-9.8,
16,24,0,20,1.71789,0,-1,0,-9.8,
16,24,38.0423,20,9.74395,0,-1,0,-9.8,
20,24,0,20,7.75872,0,-1,0,-9.8,
20,24,40,20,8.70388,0,-1,0,-9.8,
24,24,0,20,2.10639,0,-1,0,-9.8,
24,24,38.0423,20,4.56618,0,-1,0,-9.8,
28,24,0,20,0.0375378,0,-1,0,-9.8,
28,24,32.3607,20,7.50633,0,-1,0,-9.8,
32,24,0,20,1.14048,0,-1,0,-9.8,
32,24,23.5114,20,4.04706,0,-1,0,-9.8,
36,24,0,20,3.11136,0,-1,0,-9.8,
36,24,12.3607,20,9.92615,0,-1,0,-9.8,
0,25,0,20,0.385754,0,-1,0,-9.8,
0,25,0,20,2.52083,0,-1,0,-9.8,
4,25,0,20,1.89276,0,-1,0,-9.8,
4,25,12.3607,20,2.47688,0,-1,0,-9.8,
8,25,0,20,1.53508,0,-1,0,-9.8,
8,25,23.5114,20,6.20319,0,-1,0,-9.8,
12,25,0,20,8.85372,0,-1,0,-9.8,
12,25,32.3607,20,9.39085,0,-1,0,-9.8,
16,25,0,20,1.95654,0,-1,0,-9.8,
16,25,38.0423,20,7.79656,0,-1,0,-9.8,
20,25,0,20,6.45558,0,-1,0,-9.8,
20,25,40,20,6.56758,0,-1,0,-9.8,
24,25,0,20,9.09146,0,-1,0,-9.8,
24,25,38.0423,20,4.55458,0,-1,0,-9.8,
28,25,0,20,9.21293,0,-1,0,-9.8,
28,25,32.3607,20,6.64174,0,-1,0,-9.8,
32,25,0,20,1.50761,0,-1,0,-9.8,
32,25,23.5114,20,6.36341,0,-1,0,-9.8,
36,25,0,20,5.69536,0,-1,0,-9.8,
36,25,12.3607,20,4.2204,0,-1,0,-9.8,
0,26,0,20,9.43022,0,-1,0,-9.8,
0,26,0,20,5.40574,0,-1,0,-9.8,
4,26,0,20,5.7857,0,-1,0,-9.8,
4,26,12.3607,20,5.36454,0,-1,0,-9.8,
8,26,0,20,2.55287,0,-1,0,-9.8,
8,26,23.5114,20,3.96954,0,-1,0,-9.8,
12,26,0,20,3.50261,0,-1,0,-9.8,
12,26,32.3607,20,0.366222,0,-1,0,-9.8,
16,26,0,20,7.95251,0,-1,0,-9.8,
16,26,38.0423,20,1.96509,0,-1,0,-9.8,
20,26,0,20,0.702841,0,-1,0,-9.8,
20,26,40,20,3.89416,0,-1,0,-9.8,
24,26,0,20,5.90747,0,-1,0,-9.8,
24,26,38.0423,20,0.70925,0,-1,0,-9.8,
28,26,0,20,1.97668,0,-1,0,-9.8,
28,26,32.3607,20,1.55889,0,-1,0,-9.8,
32,26,0,20,6.44337,0,-1,0,-9.8,
32,26,23.5114,20,4.54329,0,-1,0,-9.8,
36,26,0,20,6.04297,0,-1,0,-9.8,
36,26,12.3607,20,6.97348,0,-1,0,-9.8,
0,27,0,20,4.41298,0,-1,0,-9.8,
0,27,0,20,6.84469,0,-1,0,-9.8,
4,27,0,20,3.96527,0,-1,0,-9.8,
4,27,12.3607,20,8.35719,0,-1,0,-9.8,
8,27,0,20,5.92212,0,-1,0,-9.8,
8,27,23.5114,20,1.99591,0,-1,0,-9.8,
12,27,0,20,9.49461,0,-1,0,-9.8,
12,27,32.3607,20,8.76003,0,-1,0,-9.8,
16,27,0,20,3.91705,0,-1,0,-9.8,
16,27,38.0423,20,9.87457,0,-1,0,-9.8,
20,27,0,20,1.85308,0,-1,0,-9.8,
20,27,40,20,8.95718,0,-1,0,-9.8,
24,27,0,20,5.7445,0,-1,0,-9.8,
24,27,38.0423,20,4.42061,0,-1,0,-9.8,
28,27,0,20,6.27338,0,-1,0,-9.8,
28,27,32.3607,20,7.08518,0,-1,0,-9.8,
32,27,0,20,0.496231,0,-1,0,-9.8,
32,27,23.5114,20,2.85562,0,-1,0,-9.8,
36,27,0,20,2.60201,0,-1,0,-9.8,
36,27,12.3607,20,4.07636,0,-1,0,-9.8,
0,28,0,20,8.95322,0,-1,0,-9.8,
0,28,0,20,7.10196,0,-1,0,-9.8,
4,28,0,20,7.28446,0,-1,0,-9.8,
4,28,12.3607,20,8.96054,0,-1,0,-9.8,
8,28,0,20,3.93567,0,-1,0,-9.8,
8,28,23.5114,20,3.97412,0,-1,0,-9.8,
12,28,0,20,9.03867,0,-1,0,-9.8,
12,28,32.3607,20,3.08603,0,-1,0,-9.8,
16,28,0,20,3.88104,0,-1,0,-9.8,
16,28,38.0423,20,5.70574,0,-1,0,-9.8,
20,28,0,20,3.53557,0,-1,0,-9.8,
20,28,40,20,7.33695,0,-1,0,-9.8,
24,28,0,20,7.45354,0,-1,0,-9.8,
24,28,38.0423,20,7.36381,0,-1,0,-9.8,
28,28,0,20,7.39433,0,-1,0,-9.8,
28,28,32.3607,20,1.39317,0,-1,0,-9.8,
32,28,0,20,2.00171,0,-1,0,-9.8,
32,28,23.5114,20,2.72591,0,-1,0,-9.8,
36,28,0,20,6.80441,0,-1,0,-9.8,
36,28,12.3607,20,9.1113,0,-1,0,-9.8,
0,29,0,20,3.6784,0,-1,0,-9.8,
0,29,0,20,5.17655,0,-1,0,-9.8,
4,29,0,20,1.09378,0,-1,0,-9.8,
4,29,12.3607,20,9.07437,0,-1,0,-9.8,
8,29,0,20,2.0307,0,-1,0,-9.8,
8,29,23.5114,20,5.1796,0,-1,0,-9.8,
12,29,0,20,6.54836,0,-1,0,-9.8,
12,29,32.3607,20,4.3852,0,-1,0,-9.8,
16,29,0,20,6.87643,0,-1,0,-9.8,
16,29,38.0423,20,0.904263,0,-1,0,-9.8,
20,29,0,20,0.795618,0,-1,0,-9.8,
20,29,40,20,0.757775,0,-1,0,-9.8,
24,29,0,20,0.278024,0,-1,0,-9.8,
24,29,38.0423,20,3.55083,0,-1,0,-9.8,
28,29,0,20,3.0723,0,-1,0,-9.8,
28,29,32.3607,20,6.97287,0,-1,0,-9.8,
32,29,0,20,1.42674,0,-1,0,-9.8,
32,29,23.5114,20,3.94848,0,-1,0,-9.8,
36,29,0,20,0.678426,0,-1,0,-9.8,
36,29,12.3607,20,6.75741,0,-1,0,-9.8,
0,30,0,20,7.24937,0,-1,0,-9.8,
0,30,0,20,1.98706,0,-1,0,-9.8,
4,30,0,20,6.94021,0,-1,0,-9.8,
4,30,12.3607,20,6.15711,0,-1,0,-9.8,
8,30,0,20,6.54897,0,-1,0,-9.8,
8,30,23.5114,20,5.43992,0,-1,0,-9.8,
12,30,0,20,0.983001,0,-1,0,-9.8,
12,30,32.3607,20,5.45366,0,-1,0,-9.8,
16,30,0,20,0.496231,0,-1,0,-9.8,
16,30,38.0423,20,9.74578,0,-1,0,-9.8,
20,30,0,20,4.64034,0,-1,0,-9.8,
20,30,40,20,9.6997,0,-1,0,-9.8,
24,30,0,20,7.27866,0,-1,0,-9.8,
24,30,38.0423,20,5.30961,0,-1,0,-9.8,
28,30,0,20,6.79922,0,-1,0,-9.8,
28,30,32.3607,20,6.92801,0,-1,0,-9.8,
32,30,0,20,3.72112,0,-1,0,-9.8,
32,30,23.5114,20,3.88623,0,-1,0,-9.8,
36,30,0,20,0.499588,0,-1,0,-9.8,
36,30,12.3607,20,8.09778,0,-1,0,-9.8,
0,31,0,20,1.69561,0,-1,0,-9.8,
0,31,0,20,0.608234,0,-1,0,-9.8,
4,31,0,20,3.10556,0,-1,0,-9.8,
4,31,12.3607,20,7.84478,0,-1,0,-9.8,
8,31,0,20,2.1247,0,-1,0,-9.8,
8,31,23.5114,20,3.21909,0,-1,0,-9.8,
12,31,0,20,4.84664,0,-1,0,-9.8,
12,31,32.3607,20,0.0915555,0,-1,0,-9.8,
16,31,0,20,4.39863,0,-1,0,-9.8,
16,31,38.0423,20,5.07859,0,-1,0,-9.8,
20,31,0,20,6.05945,0,-1,0,-9.8,
20,31,40,20,7.58538,0,-1,0,-9.8,
24,31,0,20,4.01074,0,-1,0,-9.8,
24,31,38.0423,20,3.49803,0,-1,0,-9.8,
28,31,0,20,8.42647,0,-1,0,-9.8,
28,31,32.3607,20,9.4232,0,-1,0,-9.8,
32,31,0,20,6.2331,0,-1,0,-9.8,
32,31,23.5114,20,9.97284,0,-1,0,-9.8,
36,31,0,20,0.534684,0,-1,0,-9.8,
36,31,12.3607,20,5.62853,0,-1,0,-9.8,
0,32,0,20,8.63552,0,-1,0,-9.8,
0,32,0,20,3.86761,0,-1,0,-9.8,
4,32,0,20,3.06406,0,-1,0,-9.8,
4,32,12.3607,20,2.84219,0,-1,0,-9.8,
8,32,0,20,0.267037,0,-1,0,-9.8,
8,32,23.5114,20,6.12568,0,-1,0,-9.8,
12,32,0,20,3.91186,0,-1,0,-9.8,
12,32,32.3607,20,0.186163,0,-1,0,-9.8,
16,32,0,20,0.310373,0,-1,0,-9.8,
16,32,38.0423,20,4.55702,0,-1,0,-9.8,
20,32,0,20,8.57936,0,-1,0,-9.8,
20,32,40,20,9.36766,0,-1,0,-9.8,
24,32,0,20,4.01898,0,-1,0,-9.8,
24,32,38.0423,20,7.27287,0,-1,0,-9.8,
28,32,0,20,6.11591,0,-1,0,-9.8,
28,32,32.3607,20,8.08374,0,-1,0,-9.8,
32,32,0,20,8.75423,0,-1,0,-9.8,
32,32,23.5114,20,5.82598,0,-1,0,-9.8,
36,32,0,20,5.95019,0,-1,0,-9.8,
36,32,12.3607,20,0.790124,0,-1,0,-9.8,
0,33,0,20,7.93176,0,-1,0,-9.8,
0,33,0,20,4.62203,0,-1,0,-9.8,
4,33,0,20,5.90625,0,-1,0,-9.8,
4,33,12.3607,20,5.89434,0,-1,0,-9.8,
8,33,0,20,5.69201,0,-1,0,-9.8,
8,33,23.5114,20,8.16065,0,-1,0,-9.8,
12,33,0,20,6.7275,0,-1,0,-9.8,
12,33,32.3607,20,3.43577,0,-1,0,-9.8,
16,33,0,20,0.102237,0,-1,0,-9.8,
16,33,38.0423,20,2.67312,0,-1,0,-9.8,
20,33,0,20,3.41563,0,-1,0,-9.8,
20,33,40,20,2.32093,0,-1,0,-9.8,
24,33,0,20,7.7102,0,-1,0,-9.8,
24,33,38.0423,20,3.71746,0,-1,0,-9.8,
28,33,0,20,8.69869,0,-1,0,-9.8,
28,33,32.3607,20,1.16855,0,-1,0,-9.8,
32,33,0,20,7.25578,0,-1,0,-9.8,
32,33,23.5114,20,6.28925,0,-1,0,-9.8,
36,33,0,20,8.93948,0,-1,0,-9.8,
36,33,12.3607,20,1.8302,0,-1,0,-9.8,
0,34,0,20,5.35569,0,-1,0,-9.8,
0,34,0,20,9.02005,0,-1,0,-9.8,
4,34,0,20,7.80084,0,-1,0,-9.8,
4,34,12.3607,20,9.65209,0,-1,0,-9.8,
8,34,0,20,1.97363,0,-1,0,-9.8,
8,34,23.5114,20,9.01547,0,-1,0,-9.8,
12,34,0,20,7.97418,0,-1,0,-9.8,
12,34,32.3607,20,9.53398,0,-1,0,-9.8,
16,34,0,20,8.48811,0,-1,0,-9.8,
16,34,38.0423,20,8.90347,0,-1,0,-9.8,
20,34,0,20,6.28712,0,-1,0,-9.8,
20,34,40,20,1.85461,0,-1,0,-9.8,
24,34,0,20,6.16932,0,-1,0,-9.8,
24,34,38.0423,20,2.64992,0,-1,0,-9.8,
28,34,0,20,2.50649,0,-1,0,-9.8,
28,34,32.3607,20,7.322,0,-1,0,-9.8,
32,34,0,20,7.8811,0,-1,0,-9.8,
32,34,23.5114,20,1.70934,0,-1,0,-9.8,
36,34,0,20,7.13889,0,-1,0,-9.8,
36,34,12.3607,20,4.80941,0,-1,0,-9.8,
0,35,0,20,0.814844,0,-1,0,-9.8,
0,35,0,20,8.06543,0,-1,0,-9.8,
4,35,0,20,8.55342,0,-1,0,-9.8,
4,35,12.3607,20,1.24638,0,-1,0,-9.8,
8,35,0,20,3.07474,0,-1,0,-9.8,
8,35,23.5114,20,5.73321,0,-1,0,-9.8,
12,35,0,20,4.72976,0,-1,0,-9.8,
12,35,32.3607,20,7.62047,0,-1,0,-9.8,
16,35,0,20,1.9187,0,-1,0,-9.8,
16,35,38.0423,20,7.27775,0,-1,0,-9.8,
20,35,0,20,9.95025,0,-1,0,-9.8,
20,35,40,20,0.153508,0,-1,0,-9.8,
24,35,0,20,6.47633,0,-1,0,-9.8,
24,35,38.0423,20,6.91641,0,-1,0,-9.8,
28,35,0,20,1.74139,0,-1,0,-9.8,
28,35,32.3607,20,0.721152,0,-1,0,-9.8,
32,35,0,20,2.74972,0,-1,0,-9.8,
32,35,23.5114,20,6.76626,0,-1,0,-9.8,
36,35,0,20,8.38923,0,-1,0,-9.8,
36,35,12.3607,20,5.56658,0,-1,0,-9.8,
0,36,0,20,3.71227,0,-1,0,-9.8,
0,36,0,20,7.79504,0,-1,0,-9.8,
4,36,0,20,2.32521,0,-1,0,-9.8,
4,36,12.3607,20,6.38234,0,-1,0,-9.8,
8,36,0,20,2.31666,0,-1,0,-9.8,
8,36,23.5114,20,2.04596,0,-1,0,-9.8,
12,36,0,20,9.71038,0,-1,0,-9.8,
12,36,32.3607,20,2.81747,0,-1,0,-9.8,
16,36,0,20,0.228889,0,-1,0,-9.8,
16,36,38.0423,20,7.69219,0,-1,0,-9.8,
20,36,0,20,1.5183,0,-1,0,-9.8,
20,36,40,20,0.46968,0,-1,0,-9.8,
24,36,0,20,0.0924711,0,-1,0,-9.8,
24,36,38.0423,20,3.48582,0,-1,0,-9.8,
28,36,0,20,6.4388,0,-1,0,-9.8,
28,36,32.3607,20,3.43242,0,-1,0,-9.8,
32,36,0,20,4.14563,0,-1,0,-9.8,
32,36,23.5114,20,4.16517,0,-1,0,-9.8,
36,36,0,20,0.906705,0,-1,0,-9.8,
36,36,12.3607,20,5.45183,0,-1,0,-9.8,
0,37,0,20,6.99271,0,-1,0,-9.8,
0,37,0,20,3.37992,0,-1,0,-9.8,
4,37,0,20,6.57521,0,-1,0,-9.8,
4,37,12.3607,20,8.76247,0,-1,0,-9.8,
8,37,0,20,5.35478,0,-1,0,-9.8,
8,37,23.5114,20,5.70025,0,-1,0,-9.8,
12,37,0,20,0.539872,0,-1,0,-9.8,
12,37,32.3607,20,4.65773,0,-1,0,-9.8,
16,37,0,20,2.59987,0,-1,0,-9.8,
16,37,38.0423,20,4.26801,0,-1,0,-9.8,
20,37,0,20,8.63338,0,-1,0,-9.8,
20,37,40,20,4.86587,0,-1,0,-9.8,
24,37,0,20,0.874355,0,-1,0,-9.8,
24,37,38.0423,20,5.65813,0,-1,0,-9.8,
28,37,0,20,7.09403,0,-1,0,-9.8,
28,37,32.3607,20,7.78466,0,-1,0,-9.8,
32,37,0,20,8.64223,0,-1,0,-9.8,
32,37,23.5114,20,8.50551,0,-1,0,-9.8,
36,37,0,20,2.93008,0,-1,0,-9.8,
36,37,12.3607,20,8.64376,0,-1,0,-9.8,
0,38,0,20,6.44917,0,-1,0,-9.8,
0,38,0,20,7.46849,0,-1,0,-9.8,
4,38,0,20,8.28639,0,-1,0,-9.8,
4,38,12.3607,20,7.65618,0,-1,0,-9.8,
8,38,0,20,8.71914,0,-1,0,-9.8,
8,38,23.5114,20,9.08322,0,-1,0,-9.8,
12,38,0,20,9.12534,0,-1,0,-9.8,
12,38,32.3607,20,5.21958,0,-1,0,-9.8,
16,38,0,20,4.40168,0,-1,0,-9.8,
16,38,38.0423,20,1.07639,0,-1,0,-9.8,
20,38,0,20,3.54015,0,-1,0,-9.8,
20,38,40,20,8.23054,0,-1,0,-9.8,
24,38,0,20,4.27717,0,-1,0,-9.8,
24,38,38.0423,20,1.69836,0,-1,0,-9.8,
28,38,0,20,0.00854518,0,-1,0,-9.8,
28,38,32.3607,20,6.5746,0,-1,0,-9.8,
32,38,0,20,7.73553,0,-1,0,-9.8,
32,38,23.5114,20,0.637226,0,-1,0,-9.8,
36,38,0,20,0.89816,0,-1,0,-9.8,
36,38,12.3607,20,3.85662,0,-1,0,-9.8,
0,39,0,20,6.83889,0,-1,0,-9.8,
0,39,0,20,8.07611,0,-1,0,-9.8,
4,39,0,20,1.54088,0,-1,0,-9.8,
4,39,12.3607,20,1.42857,0,-1,0,-9.8,
8,39,0,20,0.484634,0,-1,0,-9.8,
8,39,23.5114,20,3.46141,0,-1,0,-9.8,
12,39,0,20,0.185553,0,-1,0,-9.8,
12,39,32.3607,20,9.78423,0,-1,0,-9.8,
16,39,0,20,6.47633,0,-1,0,-9.8,
16,39,38.0423,20,0.536515,0,-1,0,-9.8,
20,39,0,20,9.14151,0,-1,0,-9.8,
20,39,40,20,6.37471,0,-1,0,-9.8,
24,39,0,20,4.31715,0,-1,0,-9.8,
24,39,38.0423,20,0.210578,0,-1,0,-9.8,
28,39,0,20,2.42592,0,-1,0,-9.8,
28,39,32.3607,20,3.91949,0,-1,0,-9.8,
32,39,0,20,6.54012,0,-1,0,-9.8,
32,39,23.5114,20,7.81884,0,-1,0,-9.8,
36,39,0,20,0.228278,0,-1,0,-9.8,
36,39,12.3607,20,8.26044,0,-1,0,-9.8,
0,40,0,20,1.38432,0,-1,0,-9.8,
0,40,0,20,6.34266,0,-1,0,-9.8,
4,40,0,20,5.50401,0,-1,0,-9.8,
4,40,12.3607,20,9.83489,0,-1,0,-9.8,
8,40,0,20,4.63424,0,-1,0,-9.8,
8,40,23.5114,20,2.14789,0,-1,0,-9.8,
12,40,0,20,3.00699,0,-1,0,-9.8,
12,40,32.3607,20,7.82159,0,-1,0,-9.8,
16,40,0,20,3.4254,0,-1,0,-9.8,
16,40,38.0423,20,4.80605,0,-1,0,-9.8,
20,40,0,20,6.0802,0,-1,0,-9.8,
20,40,40,20,1.02512,0,-1,0,-9.8,
24,40,0,20,9.84436,0,-1,0,-9.8,
24,40,38.0423,20,7.55821,0,-1,0,-9.8,
28,40,0,20,1.50884,0,-1,0,-9.8,
28,40,32.3607,20,4.56404,0,-1,0,-9.8,
32,40,0,20,7.11631,0,-1,0,-9.8,
32,40,23.5114,20,9.98749,0,-1,0,-9.8,
36,40,0,20,7.75506,0,-1,0,-9.8,
36,40,12.3607,20,6.41652,0,-1,0,-9.8,
0,41,0,20,6.21204,0,-1,0,-9.8,
0,41,0,20,9.46104,0,-1,0,-9.8,
4,41,0,20,6.88162,0,-1,0,-9.8,
4,41,12.3607,20,2.89804,0,-1,0,-9.8,
8,41,0,20,5.67156,0,-1,0,-9.8,
8,41,23.5114,20,2.90384,0,-1,0,-9.8,
12,41,0,20,5.48235,0,-1,0,-9.8,
12,41,32.3607,20,7.12363,0,-1,0,-9.8,
16,41,0,20,2.46437,0,-1,0,-9.8,
16,41,38.0423,20,5.46678,0,-1,0,-9.8,
20,41,0,20,4.9263,0,-1,0,-9.8,
20,41,40,20,9.52055,0,-1,0,-9.8,
24,41,0,20,6.6982,0,-1,0,-9.8,
24,41,38.0423,20,7.6516,0,-1,0,-9.8,
28,41,0,20,6.23371,0,-1,0,-9.8,
28,41,32.3607,20,4.45753,0,-1,0,-9.8,
32,41,0,20,7.98761,0,-1,0,-9.8,
32,41,23.5114,20,7.45537,0,-1,0,-9.8,
36,41,0,20,9.88922,0,-1,0,-9.8,
36,41,12.3607,20,2.04627,0,-1,0,-9.8,
0,42,0,20,6.29475,0,-1,0,-9.8,
0,42,0,20,9.09818,0,-1,0,-9.8,
4,42,0,20,5.91296,0,-1,0,-9.8,
4,42,12.3607,20,9.18394,0,-1,0,-9.8,
8,42,0,20,5.05539,0,-1,0,-9.8,
8,42,23.5114,20,4.89395,0,-1,0,-9.8,
12,42,0,20,4.49721,0,-1,0,-9.8,
12,42,32.3607,20,8.8934,0,-1,0,-9.8,
16,42,0,20,9.40397,0,-1,0,-9.8,
16,42,38.0423,20,1.82928,0,-1,0,-9.8,
20,42,0,20,2.51961,0,-1,0,-9.8,
20,42,40,20,2.03009,0,-1,0,-9.8,
24,42,0,20,7.30491,0,-1,0,-9.8,
24,42,38.0423,20,9.4113,0,-1,0,-9.8,
28,42,0,20,6.2508,0,-1,0,-9.8,
28,42,32.3607,20,0.413526,0,-1,0,-9.8,
32,42,0,20,6.41346,0,-1,0,-9.8,
32,42,23.5114,20,0.345164,0,-1,0,-9.8,
36,42,0,20,5.56352,0,-1,0,-9.8,
36,42,12.3607,20,5.44481,0,-1,0,-9.8,
0,43,0,20,4.46333,0,-1,0,-9.8,
0,43,0,20,0.613727,0,-1,0,-9.8,
4,43,0,20,9.96033,0,-1,0,-9.8,
4,43,12.3607,20,1.2775,0,-1,0,-9.8,
8,43,0,20,6.00909,0,-1,0,-9.8,
8,43,23.5114,20,0.503555,0,-1,0,-9.8,
12,43,0,20,1.72796,0,-1,0,-9.8,
12,43,32.3607,20,6.60237,0,-1,0,-9.8,
16,43,0,20,3.32438,0,-1,0,-9.8,
16,43,38.0423,20,3.15958,0,-1,0,-9.8,
20,43,0,20,6.53584,0,-1,0,-9.8,
20,43,40,20,4.10535,0,-1,0,-9.8,
24,43,0,20,4.27503,0,-1,0,-9.8,
24,43,38.0423,20,2.21625,0,-1,0,-9.8,
28,43,0,20,6.78518,0,-1,0,-9.8,
28,43,32.3607,20,1.66448,0,-1,0,-9.8,
32,43,0,20,4.97543,0,-1,0,-9.8,
32,43,23.5114,20,5.07645,0,-1,0,-9.8,
36,43,0,20,8.02728,0,-1,0,-9.8,
36,43,12.3607,20,4.35072,0,-1,0,-9.8,
0,44,0,20,0.0451674,0,-1,0,-9.8,
0,44,0,20,3.39488,0,-1,0,-9.8,
4,44,0,20,3.75896,0,-1,0,-9.8,
4,44,12.3607,20,1.28574,0,-1,0,-9.8,
8,44,0,20,8.27326,0,-1,0,-9.8,
8,44,23.5114,20,7.33299,0,-1,0,-9.8,
12,44,0,20,8.9114,0,-1,0,-9.8,
12,44,32.3607,20,6.4333,0,-1,0,-9.8,
16,44,0,20,6.50594,0,-1,0,-9.8,
16,44,38.0423,20,5.14481,0,-1,0,-9.8,
20,44,0,20,7.3397,0,-1,0,-9.8,
20,44,40,20,7.37175,0,-1,0,-9.8,
24,44,0,20,9.57091,0,-1,0,-9.8,
24,44,38.0423,20,4.65835,0,-1,0,-9.8,
28,44,0,20,3.63262,0,-1,0,-9.8,
28,44,32.3607,20,1.12186,0,-1,0,-9.8,
32,44,0,20,9.0466,0,-1,0,-9.8,
32,44,23.5114,20,8.21223,0,-1,0,-9.8,
36,44,0,20,4.54787,0,-1,0,-9.8,
36,44,12.3607,20,1.08676,0,-1,0,-9.8,
0,45,0,20,8.69442,0,-1,0,-9.8,
0,45,0,20,7.61376,0,-1,0,-9.8,
4,45,0,20,0.391247,0,-1,0,-9.8,
4,45,12.3607,20,4.16669,0,-1,0,-9.8,
8,45,0,20,9.36125,0,-1,0,-9.8,
8,45,23.5114,20,0.677511,0,-1,0,-9.8,
12,45,0,20,1.64861,0,-1,0,-9.8,
12,45,32.3607,20,2.1128,0,-1,0,-9.8,
16,45,0,20,1.16916,0,-1,0,-9.8,
16,45,38.0423,20,5.91113,0,-1,0,-9.8,
20,45,0,20,1.18351,0,-1,0,-9.8,
20,45,40,20,6.18274,0,-1,0,-9.8,
24,45,0,20,5.80096,0,-1,0,-9.8,
24,45,38.0423,20,6.90298,0,-1,0,-9.8,
28,45,0,20,7.31559,0,-1,0,-9.8,
28,45,32.3607,20,9.15647,0,-1,0,-9.8,
32,45,0,20,6.69729,0,-1,0,-9.8,
32,45,23.5114,20,2.98502,0,-1,0,-9.8,
36,45,0,20,8.08863,0,-1,0,-9.8,
36,45,12.3607,20,3.78185,0,-1,0,-9.8,
0,46,0,20,9.97497,0,-1,0,-9.8,
0,46,0,20,7.72515,0,-1,0,-9.8,
4,46,0,20,2.04413,0,-1,0,-9.8,
4,46,12.3607,20,1.70568,0,-1,0,-9.8,
8,46,0,20,3.88256,0,-1,0,-9.8,
8,46,23.5114,20,1.81219,0,-1,0,-9.8,
12,46,0,20,5.80981,0,-1,0,-9.8,
12,46,32.3607,20,1.95624,0,-1,0,-9.8,
16,46,0,20,9.60143,0,-1,0,-9.8,
16,46,38.0423,20,1.90252,0,-1,0,-9.8,
20,46,0,20,3.81726,0,-1,0,-9.8,
20,46,40,20,3.03995,0,-1,0,-9.8,
24,46,0,20,1.20823,0,-1,0,-9.8,
24,46,38.0423,20,1.98157,0,-1,0,-9.8,
28,46,0,20,0.462355,0,-1,0,-9.8,
28,46,32.3607,20,7.71172,0,-1,0,-9.8,
32,46,0,20,7.6104,0,-1,0,-9.8,
32,46,23.5114,20,8.81039,0,-1,0,-9.8,
36,46,0,20,0.0177007,0,-1,0,-9.8,
36,46,12.3607,20,4.48622,0,-1,0,-9.8,
0,47,0,20,4.26374,0,-1,0,-9.8,
0,47,0,20,8.01538,0,-1,0,-9.8,
4,47,0,20,4.61348,0,-1,0,-9.8,
4,47,12.3607,20,4.94858,0,-1,0,-9.8,
8,47,0,20,7.49382,0,-1,0,-9.8,
8,47,23.5114,20,2.38502,0,-1,0,-9.8,
12,47,0,20,5.59404,0,-1,0,-9.8,
12,47,32.3607,20,0.927458,0,-1,0,-9.8,
16,47,0,20,9.22025,0,-1,0,-9.8,
16,47,38.0423,20,8.93826,0,-1,0,-9.8,
20,47,0,20,8.57021,0,-1,0,-9.8,
20,47,40,20,0.596332,0,-1,0,-9.8,
24,47,0,20,4.9089,0,-1,0,-9.8,
24,47,38.0423,20,6.32038,0,-1,0,-9.8,
28,47,0,20,7.47215,0,-1,0,-9.8,
28,47,32.3607,20,7.56066,0,-1,0,-9.8,
32,47,0,20,2.55745,0,-1,0,-9.8,
32,47,23.5114,20,9.09909,0,-1,0,-9.8,
36,47,0,20,7.91986,0,-1,0,-9.8,
36,47,12.3607,20,1.99622,0,-1,0,-9.8,
0,48,0,20,5.52843,0,-1,0,-9.8,
0,48,0,20,0.512406,0,-1,0,-9.8,
4,48,0,20,5.22172,0,-1,0,-9.8,
4,48,12.3607,20,7.90368,0,-1,0,-9.8,
8,48,0,20,7.04154,0,-1,0,-9.8,
8,48,23.5114,20,0.240486,0,-1,0,-9.8,
12,48,0,20,7.31742,0,-1,0,-9.8,
12,48,32.3607,20,5.53362,0,-1,0,-9.8,
16,48,0,20,9.14212,0,-1,0,-9.8,
16,48,38.0423,20,8.75546,0,-1,0,-9.8,
20,48,0,20,7.9693,0,-1,0,-9.8,
20,48,40,20,3.05429,0,-1,0,-9.8,
24,48,0,20,3.9494,0,-1,0,-9.8,
24,48,38.0423,20,4.81887,0,-1,0,-9.8,
28,48,0,20,0.525834,0,-1,0,-9.8,
28,48,32.3607,20,6.51967,0,-1,0,-9.8,
32,48,0,20,0.00854518,0,-1,0,-9.8,
32,48,23.5114,20,7.68578,0,-1,0,-9.8,
36,48,0,20,7.56188,0,-1,0,-9.8,
36,48,12.3607,20,2.19733,0,-1,0,-9.8,
0,49,0,20,1.54759,0,-1,0,-9.8,
0,49,0,20,0.575274,0,-1,0,-9.8,
4,49,0,20,6.70614,0,-1,0,-9.8,
4,49,12.3607,20,0.326853,0,-1,0,-9.8,
8,49,0,20,3.45866,0,-1,0,-9.8,
8,49,23.5114,20,6.97867,0,-1,0,-9.8,
12,49,0,20,7.98151,0,-1,0,-9.8,
12,49,32.3607,20,4.36262,0,-1,0,-9.8,
16,49,0,20,9.81719,0,-1,0,-9.8,
16,49,38.0423,20,6.35548,0,-1,0,-9.8,
20,49,0,20,2.95297,0,-1,0,-9.8,
20,49,40,20,4.76974,0,-1,0,-9.8,
24,49,0,20,8.74355,0,-1,0,-9.8,
24,49,38.0423,20,0.792871,0,-1,0,-9.8,
28,49,0,20,1.00986,0,-1,0,-9.8,
28,49,32.3607,20,1.43223,0,-1,0,-9.8,
32,49,0,20,1.4301,0,-1,0,-9.8,
32,49,23.5114,20,9.17997,0,-1,0,-9.8,
36,49,0,20,3.08725,0,-1,0,-9.8,
36,49,12.3607,20,3.73821,0,-1,0,-9.8,
0,50,0,20,8.13837,0,-1,0,-9.8,
0,50,0,20,0.466323,0,-1,0,-9.8,
4,50,0,20,8.14203,0,-1,0,-9.8,
4,50,12.3607,20,2.39998,0,-1,0,-9.8,
8,50,0,20,8.97885,0,-1,0,-9.8,
8,50,23.5114,20,2.56508,0,-1,0,-9.8,
12,50,0,20,2.69356,0,-1,0,-9.8,
12,50,32.3607,20,2.08014,0,-1,0,-9.8,
16,50,0,20,2.29377,0,-1,0,-9.8,
16,50,38.0423,20,8.46156,0,-1,0,-9.8,
20,50,0,20,8.74844,0,-1,0,-9.8,
20,50,40,20,8.87692,0,-1,0,-9.8,
24,50,0,20,8.44783,0,-1,0,-9.8,
24,50,38.0423,20,6.09272,0,-1,0,-9.8,
28,50,0,20,0.408948,0,-1,0,-9.8,
28,50,32.3607,20,1.73528,0,-1,0,-9.8,
32,50,0,20,1.83752,0,-1,0,-9.8,
32,50,23.5114,20,3.55907,0,-1,0,-9.8,
36,50,0,20,4.49263,0,-1,0,-9.8,
36,50,12.3607,20,1.85064,0,-1,0,-9.8,
0,51,0,20,8.94467,0,-1,0,-9.8,
0,51,0,20,6.23035,0,-1,0,-9.8,
4,51,0,20,5.46342,0,-1,0,-9.8,
4,51,12.3607,20,9.11679,0,-1,0,-9.8,
8,51,0,20,5.22599,0,-1,0,-9.8,
8,51,23.5114,20,7.30644,0,-1,0,-9.8,
12,51,0,20,9.99329,0,-1,0,-9.8,
12,51,32.3607,20,9.69329,0,-1,0,-9.8,
16,51,0,20,8.67428,0,-1,0,-9.8,
16,51,38.0423,20,8.40205,0,-1,0,-9.8,
20,51,0,20,1.46672,0,-1,0,-9.8,
20,51,40,20,3.74401,0,-1,0,-9.8,
24,51,0,20,2.84371,0,-1,0,-9.8,
24,51,38.0423,20,1.70965,0,-1,0,-9.8,
28,51,0,20,9.73754,0,-1,0,-9.8,
28,51,32.3607,20,7.41813,0,-1,0,-9.8,
32,51,0,20,7.16605,0,-1,0,-9.8,
32,51,23.5114,20,0.308847,0,-1,0,-9.8,
36,51,0,20,6.45039,0,-1,0,-9.8,
36,51,12.3607,20,8.12708,0,-1,0,-9.8,
0,52,0,20,7.35923,0,-1,0,-9.8,
0,52,0,20,8.18171,0,-1,0,-9.8,
4,52,0,20,1.24638,0,-1,0,-9.8,
4,52,12.3607,20,7.18894,0,-1,0,-9.8,
8,52,0,20,3.75072,0,-1,0,-9.8,
8,52,23.5114,20,6.49831,0,-1,0,-9.8,
12,52,0,20,9.15433,0,-1,0,-9.8,
12,52,32.3607,20,8.89676,0,-1,0,-9.8,
16,52,0,20,0.321665,0,-1,0,-9.8,
16,52,38.0423,20,7.73492,0,-1,0,-9.8,
20,52,0,20,4.48866,0,-1,0,-9.8,
20,52,40,20,0.0756859,0,-1,0,-9.8,
24,52,0,20,2.28614,0,-1,0,-9.8,
24,52,38.0423,20,4.1847,0,-1,0,-9.8,
28,52,0,20,1.5659,0,-1,0,-9.8,
28,52,32.3607,20,9.19034,0,-1,0,-9.8,
32,52,0,20,5.01694,0,-1,0,-9.8,
32,52,23.5114,20,2.42866,0,-1,0,-9.8,
36,52,0,20,7.54479,0,-1,0,-9.8,
36,52,12.3607,20,9.06522,0,-1,0,-9.8,
0,53,0,20,2.13477,0,-1,0,-9.8,
0,53,0,20,0.321055,0,-1,0,-9.8,
4,53,0,20,7.71172,0,-1,0,-9.8,
4,53,12.3607,20,2.28248,0,-1,0,-9.8,
8,53,0,20,5.56597,0,-1,0,-9.8,
8,53,23.5114,20,8.06391,0,-1,0,-9.8,
12,53,0,20,8.52016,0,-1,0,-9.8,
12,53,32.3607,20,3.31614,0,-1,0,-9.8,
16,53,0,20,5.38926,0,-1,0,-9.8,
16,53,38.0423,20,9.91791,0,-1,0,-9.8,
20,53,0,20,8.6935,0,-1,0,-9.8,
20,53,40,20,6.4687,0,-1,0,-9.8,
24,53,0,20,2.27729,0,-1,0,-9.8,
24,53,38.0423,20,8.12799,0,-1,0,-9.8,
28,53,0,20,3.71044,0,-1,0,-9.8,
28,53,32.3607,20,3.66894,0,-1,0,-9.8,
32,53,0,20,0.349742,0,-1,0,-9.8,
32,53,23.5114,20,5.61296,0,-1,0,-9.8,
36,53,0,20,3.9787,0,-1,0,-9.8,
36,53,12.3607,20,1.19785,0,-1,0,-9.8,
0,54,0,20,3.24931,0,-1,0,-9.8,
0,54,0,20,8.99014,0,-1,0,-9.8,
4,54,0,20,2.01483,0,-1,0,-9.8,
4,54,12.3607,20,9.40184,0,-1,0,-9.8,
8,54,0,20,1.25065,0,-1,0,-9.8,
8,54,23.5114,20,8.4933,0,-1,0,-9.8,
12,54,0,20,8.93948,0,-1,0,-9.8,
12,54,32.3607,20,4.4557,0,-1,0,-9.8,
16,54,0,20,2.22114,0,-1,0,-9.8,
16,54,38.0423,20,6.34754,0,-1,0,-9.8,
20,54,0,20,5.60076,0,-1,0,-9.8,
20,54,40,20,6.24042,0,-1,0,-9.8,
24,54,0,20,4.23658,0,-1,0,-9.8,
24,54,38.0423,20,0.1648,0,-1,0,-9.8,
28,54,0,20,8.64132,0,-1,0,-9.8,
28,54,32.3607,20,1.39622,0,-1,0,-9.8,
32,54,0,20,2.67403,0,-1,0,-9.8,
32,54,23.5114,20,2.91971,0,-1,0,-9.8,
36,54,0,20,6.81661,0,-1,0,-9.8,
36,54,12.3607,20,5.61449,0,-1,0,-9.8,
0,55,0,20,9.58831,0,-1,0,-9.8,
0,55,0,20,6.07227,0,-1,0,-9.8,
4,55,0,20,7.88232,0,-1,0,-9.8,
4,55,12.3607,20,4.22712,0,-1,0,-9.8,
8,55,0,20,8.18384,0,-1,0,-9.8,
8,55,23.5114,20,7.39463,0,-1,0,-9.8,
12,55,0,20,1.35777,0,-1,0,-9.8,
12,55,32.3607,20,5.16526,0,-1,0,-9.8,
16,55,0,20,0.200812,0,-1,0,-9.8,
16,55,38.0423,20,0.0698874,0,-1,0,-9.8,
20,55,0,20,7.48314,0,-1,0,-9.8,
20,55,40,20,3.33872,0,-1,0,-9.8,
24,55,0,20,9.02127,0,-1,0,-9.8,
24,55,38.0423,20,4.62264,0,-1,0,-9.8,
28,55,0,20,7.67907,0,-1,0,-9.8,
28,55,32.3607,20,0.505081,0,-1,0,-9.8,
32,55,0,20,6.3097,0,-1,0,-9.8,
32,55,23.5114,20,0.241707,0,-1,0,-9.8,
36,55,0,20,6.82424,0,-1,0,-9.8,
36,55,12.3607,20,9.69085,0,-1,0,-9.8,
0,56,0,20,5.00443,0,-1,0,-9.8,
0,56,0,20,7.06381,0,-1,0,-9.8,
4,56,0,20,2.65938,0,-1,0,-9.8,
4,56,12.3607,20,8.22352,0,-1,0,-9.8,
8,56,0,20,6.46626,0,-1,0,-9.8,
8,56,23.5114,20,5.97217,0,-1,0,-9.8,
12,56,0,20,2.63619,0,-1,0,-9.8,
12,56,32.3607,20,8.44234,0,-1,0,-9.8,
16,56,0,20,4.60067,0,-1,0,-9.8,
16,56,38.0423,20,7.48161,0,-1,0,-9.8,
20,56,0,20,3.51604,0,-1,0,-9.8,
20,56,40,20,0.144963,0,-1,0,-9.8,
24,56,0,20,4.76547,0,-1,0,-9.8,
24,56,38.0423,20,6.26484,0,-1,0,-9.8,
28,56,0,20,4.03882,0,-1,0,-9.8,
28,56,32.3607,20,3.83618,0,-1,0,-9.8,
32,56,0,20,0.276193,0,-1,0,-9.8,
32,56,23.5114,20,2.88827,0,-1,0,-9.8,
36,56,0,20,5.9685,0,-1,0,-9.8,
36,56,12.3607,20,8.83877,0,-1,0,-9.8,
0,57,0,20,4.32173,0,-1,0,-9.8,
0,57,0,20,9.31547,0,-1,0,-9.8,
4,57,0,20,3.82977,0,-1,0,-9.8,
4,57,12.3607,20,5.33128,0,-1,0,-9.8,
8,57,0,20,0.100711,0,-1,0,-9.8,
8,57,23.5114,20,9.74242,0,-1,0,-9.8,
12,57,0,20,8.652,0,-1,0,-9.8,
12,57,32.3607,20,4.37422,0,-1,0,-9.8,
16,57,0,20,6.99637,0,-1,0,-9.8,
16,57,38.0423,20,3.32957,0,-1,0,-9.8,
20,57,0,20,6.02344,0,-1,0,-9.8,
20,57,40,20,4.9855,0,-1,0,-9.8,
24,57,0,20,5.59618,0,-1,0,-9.8,
24,57,38.0423,20,0.390027,0,-1,0,-9.8,
28,57,0,20,3.78216,0,-1,0,-9.8,
28,57,32.3607,20,2.33039,0,-1,0,-9.8,
32,57,0,20,9.37346,0,-1,0,-9.8,
32,57,23.5114,20,8.59523,0,-1,0,-9.8,
36,57,0,20,9.6411,0,-1,0,-9.8,
36,57,12.3607,20,6.08814,0,-1,0,-9.8,
0,58,0,20,5.83972,0,-1,0,-9.8,
0,58,0,20,0.764489,0,-1,0,-9.8,
4,58,0,20,4.07025,0,-1,0,-9.8,
4,58,12.3607,20,3.05307,0,-1,0,-9.8,
8,58,0,20,4.98581,0,-1,0,-9.8,
8,58,23.5114,20,0.800501,0,-1,0,-9.8,
12,58,0,20,8.74783,0,-1,0,-9.8,
12,58,32.3607,20,3.0427,0,-1,0,-9.8,
16,58,0,20,7.81518,0,-1,0,-9.8,
16,58,38.0423,20,9.3289,0,-1,0,-9.8,
20,58,0,20,5.88427,0,-1,0,-9.8,
20,58,40,20,2.16224,0,-1,0,-9.8,
24,58,0,20,2.79305,0,-1,0,-9.8,
24,58,38.0423,20,5.60717,0,-1,0,-9.8,
28,58,0,20,8.74416,0,-1,0,-9.8,
28,58,32.3607,20,2.50069,0,-1,0,-9.8,
32,58,0,20,3.01401,0,-1,0,-9.8,
32,58,23.5114,20,7.27134,0,-1,0,-9.8,
36,58,0,20,8.66604,0,-1,0,-9.8,
36,58,12.3607,20,2.31086,0,-1,0,-9.8,
0,59,0,20,1.9071,0,-1,0,-9.8,
0,59,0,20,4.46791,0,-1,0,-9.8,
4,59,0,20,8.90347,0,-1,0,-9.8,
4,59,12.3607,20,5.74328,0,-1,0,-9.8,
8,59,0,20,0.28779,0,-1,0,-9.8,
8,59,23.5114,20,9.95239,0,-1,0,-9.8,
12,59,0,20,0.592364,0,-1,0,-9.8,
12,59,32.3607,20,6.1919,0,-1,0,-9.8,
16,59,0,20,2.56935,0,-1,0,-9.8,
16,59,38.0423,20,1.69836,0,-1,0,-9.8,
20,59,0,20,1.16123,0,-1,0,-9.8,
20,59,40,20,2.31483,0,-1,0,-9.8,
24,59,0,20,4.94888,0,-1,0,-9.8,
24,59,38.0423,20,9.59807,0,-1,0,-9.8,
28,59,0,20,0.492874,0,-1,0,-9.8,
28,59,32.3607,20,0.796228,0,-1,0,-9.8,
32,59,0,20,3.37657,0,-1,0,-9.8,
32,59,23.5114,20,2.79733,0,-1,0,-9.8,
36,59,0,20,5.15549,0,-1,0,-9.8,
36,59,12.3607,20,4.90555,0,-1,0,-9.8,
0,60,0,20,4.12275,0,-1,0,-9.8,
0,60,0,20,9.24711,0,-1,0,-9.8,
4,60,0,20,6.01062,0,-1,0,-9.8,
4,60,12.3607,20,2.92154,0,-1,0,-9.8,
8,60,0,20,4.75753,0,-1,0,-9.8,
8,60,23.5114,20,4.01654,0,-1,0,-9.8,
12,60,0,20,9.51323,0,-1,0,-9.8,
12,60,32.3607,20,5.48357,0,-1,0,-9.8,
16,60,0,20,8.34925,0,-1,0,-9.8,
16,60,38.0423,20,7.94427,0,-1,0,-9.8,
20,60,0,20,8.0166,0,-1,0,-9.8,
20,60,40,20,5.92853,0,-1,0,-9.8,
24,60,0,20,8.70083,0,-1,0,-9.8,
24,60,38.0423,20,3.18064,0,-1,0,-9.8,
28,60,0,20,9.39177,0,-1,0,-9.8,
28,60,32.3607,20,2.67922,0,-1,0,-9.8,
32,60,0,20,9.43327,0,-1,0,-9.8,
32,60,23.5114,20,7.18772,0,-1,0,-9.8,
36,60,0,20,1.27628,0,-1,0,-9.8,
36,60,12.3607,20,7.74895,0,-1,0,-9.8,
0,61,0,20,4.72884,0,-1,0,-9.8,
0,61,0,20,1.75909,0,-1,0,-9.8,
4,61,0,20,0.266732,0,-1,0,-9.8,
4,61,12.3607,20,0.416272,0,-1,0,-9.8,
8,61,0,20,4.54787,0,-1,0,-9.8,
8,61,23.5114,20,8.623,0,-1,0,-9.8,
12,61,0,20,1.36113,0,-1,0,-9.8,
12,61,32.3607,20,0.144658,0,-1,0,-9.8,
16,61,0,20,2.12775,0,-1,0,-9.8,
16,61,38.0423,20,8.18537,0,-1,0,-9.8,
20,61,0,20,7.97205,0,-1,0,-9.8,
20,61,40,20,7.79656,0,-1,0,-9.8,
24,61,0,20,6.58498,0,-1,0,-9.8,
24,61,38.0423,20,2.98746,0,-1,0,-9.8,
28,61,0,20,7.81426,0,-1,0,-9.8,
28,61,32.3607,20,9.21506,0,-1,0,-9.8,
32,61,0,20,8.42128,0,-1,0,-9.8,
32,61,23.5114,20,2.42622,0,-1,0,-9.8,
36,61,0,20,4.98764,0,-1,0,-9.8,
36,61,12.3607,20,0.23011,0,-1,0,-9.8,
0,62,0,20,0.757164,0,-1,0,-9.8,
0,62,0,20,0.308847,0,-1,0,-9.8,
4,62,0,20,3.56212,0,-1,0,-9.8,
4,62,12.3607,20,7.15323,0,-1,0,-9.8,
8,62,0,20,4.09803,0,-1,0,-9.8,
8,62,23.5114,20,1.80425,0,-1,0,-9.8,
12,62,0,20,2.97922,0,-1,0,-9.8,
12,62,32.3607,20,1.82104,0,-1,0,-9.8,
16,62,0,20,7.44896,0,-1,0,-9.8,
16,62,38.0423,20,1.34739,0,-1,0,-9.8,
20,62,0,20,0.582293,0,-1,0,-9.8,
20,62,40,20,5.2562,0,-1,0,-9.8,
24,62,0,20,3.58867,0,-1,0,-9.8,
24,62,38.0423,20,8.06726,0,-1,0,-9.8,
28,62,0,20,1.58818,0,-1,0,-9.8,
28,62,32.3607,20,8.99869,0,-1,0,-9.8,
32,62,0,20,1.31809,0,-1,0,-9.8,
32,62,23.5114,20,0.292367,0,-1,0,-9.8,
36,62,0,20,1.81433,0,-1,0,-9.8,
36,62,12.3607,20,8.18079,0,-1,0,-9.8,
0,63,0,20,2.49214,0,-1,0,-9.8,
0,63,0,20,5.70696,0,-1,0,-9.8,
4,63,0,20,3.46904,0,-1,0,-9.8,
4,63,12.3607,20,5.39933,0,-1,0,-9.8,
8,63,0,20,6.64907,0,-1,0,-9.8,
8,63,23.5114,20,8.70754,0,-1,0,-9.8,
12,63,0,20,9.32524,0,-1,0,-9.8,
12,63,32.3607,20,9.4528,0,-1,0,-9.8,
16,63,0,20,1.05197,0,-1,0,-9.8,
16,63,38.0423,20,1.53233,0,-1,0,-9.8,
20,63,0,20,5.5797,0,-1,0,-9.8,
20,63,40,20,8.00256,0,-1,0,-9.8,
24,63,0,20,8.95138,0,-1,0,-9.8,
24,63,38.0423,20,0.72512,0,-1,0,-9.8,
28,63,0,20,8.72311,0,-1,0,-9.8,
28,63,32.3607,20,8.22413,0,-1,0,-9.8,
32,63,0,20,3.88287,0,-1,0,-9.8,
32,63,23.5114,20,5.48784,0,-1,0,-9.8,
36,63,0,20,6.71957,0,-1,0,-9.8,
36,63,12.3607,20,4.50941,0,-1,0,-9.8,
0,64,0,20,2.81381,0,-1,0,-9.8,
0,64,0,20,9.49461,0,-1,0,-9.8,
4,64,0,20,9.82147,0,-1,0,-9.8,
4,64,12.3607,20,7.2805,0,-1,0,-9.8,
8,64,0,20,5.94806,0,-1,0,-9.8,
8,64,23.5114,20,2.72378,0,-1,0,-9.8,
12,64,0,20,1.31962,0,-1,0,-9.8,
12,64,32.3607,20,1.97943,0,-1,0,-9.8,
16,64,0,20,6.00513,0,-1,0,-9.8,
16,64,38.0423,20,4.8735,0,-1,0,-9.8,
20,64,0,20,3.55327,0,-1,0,-9.8,
20,64,40,20,2.29926,0,-1,0,-9.8,
24,64,0,20,4.78439,0,-1,0,-9.8,
24,64,38.0423,20,6.91794,0,-1,0,-9.8,
28,64,0,20,9.48149,0,-1,0,-9.8,
28,64,32.3607,20,6.71133,0,-1,0,-9.8,
32,64,0,20,9.82574,0,-1,0,-9.8,
32,64,23.5114,20,2.37526,0,-1,0,-9.8,
36,64,0,20,5.13565,0,-1,0,-9.8,
36,64,12.3607,20,2.35817,0,-1,0,-9.8,
0,65,0,20,8.98038,0,-1,0,-9.8,
0,65,0,20,4.84359,0,-1,0,-9.8,
4,65,0,20,3.26456,0,-1,0,-9.8,
4,65,12.3607,20,5.37492,0,-1,0,-9.8,
8,65,0,20,5.70788,0,-1,0,-9.8,
8,65,23.5114,20,3.36528,0,-1,0,-9.8,
12,65,0,20,3.48155,0,-1,0,-9.8,
12,65,32.3607,20,1.69225,0,-1,0,-9.8,
16,65,0,20,2.9017,0,-1,0,-9.8,
16,65,38.0423,20,2.19275,0,-1,0,-9.8,
20,65,0,20,9.22819,0,-1,0,-9.8,
20,65,40,20,7.39677,0,-1,0,-9.8,
24,65,0,20,8.07001,0,-1,0,-9.8,
24,65,38.0423,20,6.50441,0,-1,0,-9.8,
28,65,0,20,6.86697,0,-1,0,-9.8,
28,65,32.3607,20,2.70089,0,-1,0,-9.8,
32,65,0,20,7.66869,0,-1,0,-9.8,
32,65,23.5114,20,0.644246,0,-1,0,-9.8,
36,65,0,20,7.21763,0,-1,0,-9.8,
36,65,12.3607,20,8.59066,0,-1,0,-9.8,
0,66,0,20,3.41563,0,-1,0,-9.8,
0,66,0,20,0.443739,0,-1,0,-9.8,
4,66,0,20,4.84298,0,-1,0,-9.8,
4,66,12.3607,20,0.207831,0,-1,0,-9.8,
8,66,0,20,8.38191,0,-1,0,-9.8,
8,66,23.5114,20,6.18519,0,-1,0,-9.8,
12,66,0,20,5.40574,0,-1,0,-9.8,
12,66,32.3607,20,6.04053,0,-1,0,-9.8,
16,66,0,20,5.68682,0,-1,0,-9.8,
16,66,38.0423,20,7.77367,0,-1,0,-9.8,
20,66,0,20,6.40034,0,-1,0,-9.8,
20,66,40,20,6.96738,0,-1,0,-9.8,
24,66,0,20,7.59941,0,-1,0,-9.8,
24,66,38.0423,20,8.68007,0,-1,0,-9.8,
28,66,0,20,1.57994,0,-1,0,-9.8,
28,66,32.3607,20,4.23505,0,-1,0,-9.8,
32,66,0,20,7.86462,0,-1,0,-9.8,
32,66,23.5114,20,0.21424,0,-1,0,-9.8,
36,66,0,20,4.38368,0,-1,0,-9.8,
36,66,12.3607,20,0.421461,0,-1,0,-9.8,
0,67,0,20,5.06302,0,-1,0,-9.8,
0,67,0,20,2.69265,0,-1,0,-9.8,
4,67,0,20,0.682699,0,-1,0,-9.8,
4,67,12.3607,20,2.4485,0,-1,0,-9.8,
8,67,0,20,9.82055,0,-1,0,-9.8,
8,67,23.5114,20,5.06455,0,-1,0,-9.8,
12,67,0,20,6.15528,0,-1,0,-9.8,
12,67,32.3607,20,0.710166,0,-1,0,-9.8,
16,67,0,20,3.67504,0,-1,0,-9.8,
16,67,38.0423,20,9.55535,0,-1,0,-9.8,
20,67,0,20,8.60073,0,-1,0,-9.8,
20,67,40,20,3.37474,0,-1,0,-9.8,
24,67,0,20,2.4189,0,-1,0,-9.8,
24,67,38.0423,20,2.89529,0,-1,0,-9.8,
28,67,0,20,0.509659,0,-1,0,-9.8,
28,67,32.3607,20,9.92706,0,-1,0,-9.8,
32,67,0,20,1.7246,0,-1,0,-9.8,
32,67,23.5114,20,0.689108,0,-1,0,-9.8,
36,67,0,20,2.2013,0,-1,0,-9.8,
36,67,12.3607,20,3.00913,0,-1,0,-9.8,
0,68,0,20,7.86859,0,-1,0,-9.8,
0,68,0,20,6.49617,0,-1,0,-9.8,
4,68,0,20,0.836818,0,-1,0,-9.8,
4,68,12.3607,20,2.62764,0,-1,0,-9.8,
8,68,0,20,1.36479,0,-1,0,-9.8,
8,68,23.5114,20,2.17536,0,-1,0,-9.8,
12,68,0,20,5.62578,0,-1,0,-9.8,
12,68,32.3607,20,1.78259,0,-1,0,-9.8,
16,68,0,20,6.32282,0,-1,0,-9.8,
16,68,38.0423,20,1.06906,0,-1,0,-9.8,
20,68,0,20,4.53719,0,-1,0,-9.8,
20,68,40,20,7.58843,0,-1,0,-9.8,
24,68,0,20,3.33811,0,-1,0,-9.8,
24,68,38.0423,20,0.574053,0,-1,0,-9.8,
28,68,0,20,2.8251,0,-1,0,-9.8,
28,68,32.3607,20,6.94296,0,-1,0,-9.8,
32,68,0,20,8.73257,0,-1,0,-9.8,
32,68,23.5114,20,5.67583,0,-1,0,-9.8,
36,68,0,20,8.68496,0,-1,0,-9.8,
36,68,12.3607,20,0.812098,0,-1,0,-9.8,
0,69,0,20,7.95404,0,-1,0,-9.8,
0,69,0,20,9.99664,0,-1,0,-9.8,
4,69,0,20,6.34999,0,-1,0,-9.8,
4,69,12.3607,20,6.18854,0,-1,0,-9.8,
8,69,0,20,5.94775,0,-1,0,-9.8,
8,69,23.5114,20,5.93127,0,-1,0,-9.8,
12,69,0,20,1.9425,0,-1,0,-9.8,
12,69,32.3607,20,9.78881,0,-1,0,-9.8,
16,69,0,20,2.31513,0,-1,0,-9.8,
16,69,38.0423,20,0.422987,0,-1,0,-9.8,
20,69,0,20,2.39051,0,-1,0,-9.8,
20,69,40,20,2.55135,0,-1,0,-9.8,
24,69,0,20,4.06812,0,-1,0,-9.8,
24,69,38.0423,20,7.94946,0,-1,0,-9.8,
28,69,0,20,2.72469,0,-1,0,-9.8,
28,69,32.3607,20,9.00052,0,-1,0,-9.8,
32,69,0,20,3.79437,0,-1,0,-9.8,
32,69,23.5114,20,7.27561,0,-1,0,-9.8,
36,69,0,20,2.06488,0,-1,0,-9.8,
36,69,12.3607,20,0.529496,0,-1,0,-9.8,
0,70,0,20,6.04572,0,-1,0,-9.8,
0,70,0,20,3.53984,0,-1,0,-9.8,
4,70,0,20,3.61248,0,-1,0,-9.8,
4,70,12.3607,20,6.68111,0,-1,0,-9.8,
8,70,0,20,9.76043,0,-1,0,-9.8,
8,70,23.5114,20,2.2364,0,-1,0,-9.8,
12,70,0,20,8.95779,0,-1,0,-9.8,
12,70,32.3607,20,3.46965,0,-1,0,-9.8,
16,70,0,20,9.5352,0,-1,0,-9.8,
16,70,38.0423,20,6.6512,0,-1,0,-9.8,
20,70,0,20,2.01666,0,-1,0,-9.8,
20,70,40,20,2.82357,0,-1,0,-9.8,
24,70,0,20,3.55449,0,-1,0,-9.8,
24,70,38.0423,20,5.31999,0,-1,0,-9.8,
28,70,0,20,2.90994,0,-1,0,-9.8,
28,70,32.3607,20,2.19977,0,-1,0,-9.8,
32,70,0,20,0.996124,0,-1,0,-9.8,
32,70,23.5114,20,1.06723,0,-1,0,-9.8,
36,70,0,20,7.09342,0,-1,0,-9.8,
36,70,12.3607,20,8.43806,0,-1,0,-9.8,
0,71,0,20,6.71865,0,-1,0,-9.8,
0,71,0,20,8.19147,0,-1,0,-9.8,
4,71,0,20,0.05768,0,-1,0,-9.8,
4,71,12.3607,20,4.91348,0,-1,0,-9.8,
8,71,0,20,6.04633,0,-1,0,-9.8,
8,71,23.5114,20,9.35331,0,-1,0,-9.8,
12,71,0,20,2.90628,0,-1,0,-9.8,
12,71,32.3607,20,6.05823,0,-1,0,-9.8,
16,71,0,20,7.4691,0,-1,0,-9.8,
16,71,38.0423,20,8.73836,0,-1,0,-9.8,
20,71,0,20,9.12229,0,-1,0,-9.8,
20,71,40,20,8.30103,0,-1,0,-9.8,
24,71,0,20,6.05914,0,-1,0,-9.8,
24,71,38.0423,20,3.0488,0,-1,0,-9.8,
28,71,0,20,7.84234,0,-1,0,-9.8,
28,71,32.3607,20,1.50121,0,-1,0,-9.8,
32,71,0,20,5.42619,0,-1,0,-9.8,
32,71,23.5114,20,6.89047,0,-1,0,-9.8,
36,71,0,20,3.94635,0,-1,0,-9.8,
36,71,12.3607,20,9.93194,0,-1,0,-9.8,
0,72,0,20,1.01932,0,-1,0,-9.8,
0,72,0,20,4.11603,0,-1,0,-9.8,
4,72,0,20,0.274361,0,-1,0,-9.8,
4,72,12.3607,20,6.87429,0,-1,0,-9.8,
8,72,0,20,2.58889,0,-1,0,-9.8,
8,72,23.5114,20,1.69012,0,-1,0,-9.8,
12,72,0,20,2.28645,0,-1,0,-9.8,
12,72,32.3607,20,1.89001,0,-1,0,-9.8,
16,72,0,20,8.62209,0,-1,0,-9.8,
16,72,38.0423,20,7.63298,0,-1,0,-9.8,
20,72,0,20,0.476089,0,-1,0,-9.8,
20,72,40,20,4.8323,0,-1,0,-9.8,
24,72,0,20,0.561541,0,-1,0,-9.8,
24,72,38.0423,20,9.61241,0,-1,0,-9.8,
28,72,0,20,0.84994,0,-1,0,-9.8,
28,72,32.3607,20,5.65477,0,-1,0,-9.8,
32,72,0,20,9.62554,0,-1,0,-9.8,
32,72,23.5114,20,5.73901,0,-1,0,-9.8,
36,72,0,20,8.78658,0,-1,0,-9.8,
36,72,12.3607,20,4.08704,0,-1,0,-9.8,
0,73,0,20,4.0315,0,-1,0,-9.8,
0,73,0,20,4.13495,0,-1,0,-9.8,
4,73,0,20,6.58528,0,-1,0,-9.8,
4,73,12.3607,20,8.23359,0,-1,0,-9.8,
8,73,0,20,9.45189,0,-1,0,-9.8,
8,73,23.5114,20,2.8312,0,-1,0,-9.8,
12,73,0,20,0.0222785,0,-1,0,-9.8,
12,73,32.3607,20,6.1626,0,-1,0,-9.8,
16,73,0,20,0.4944,0,-1,0,-9.8,
16,73,38.0423,20,6.56056,0,-1,0,-9.8,
20,73,0,20,4.21949,0,-1,0,-9.8,
20,73,40,20,9.54497,0,-1,0,-9.8,
24,73,0,20,6.03961,0,-1,0,-9.8,
24,73,38.0423,20,2.00873,0,-1,0,-9.8,
28,73,0,20,4.1438,0,-1,0,-9.8,
28,73,32.3607,20,3.40556,0,-1,0,-9.8,
32,73,0,20,6.23127,0,-1,0,-9.8,
32,73,23.5114,20,8.08405,0,-1,0,-9.8,
36,73,0,20,0.0485244,0,-1,0,-9.8,
36,73,12.3607,20,1.05258,0,-1,0,-9.8,
0,74,0,20,3.94421,0,-1,0,-9.8,
0,74,0,20,2.76864,0,-1,0,-9.8,
4,74,0,20,3.16782,0,-1,0,-9.8,
4,74,12.3607,20,8.24244,0,-1,0,-9.8,
8,74,0,20,8.53511,0,-1,0,-9.8,
8,74,23.5114,20,3.11533,0,-1,0,-9.8,
12,74,0,20,1.97668,0,-1,0,-9.8,
12,74,32.3607,20,5.64684,0,-1,0,-9.8,
16,74,0,20,4.69069,0,-1,0,-9.8,
16,74,38.0423,20,9.95117,0,-1,0,-9.8,
20,74,0,20,4.33241,0,-1,0,-9.8,
20,74,40,20,3.6848,0,-1,0,-9.8,
24,74,0,20,4.18775,0,-1,0,-9.8,
24,74,38.0423,20,3.84869,0,-1,0,-9.8,
28,74,0,20,5.80432,0,-1,0,-9.8,
28,74,32.3607,20,8.77743,0,-1,0,-9.8,
32,74,0,20,3.37413,0,-1,0,-9.8,
32,74,23.5114,20,3.93384,0,-1,0,-9.8,
36,74,0,20,9.51048,0,-1,0,-9.8,
36,74,12.3607,20,5.0914,0,-1,0,-9.8,
0,75,0,20,4.18592,0,-1,0,-9.8,
0,75,0,20,6.08295,0,-1,0,-9.8,
4,75,0,20,7.76757,0,-1,0,-9.8,
4,75,12.3607,20,0.836512,0,-1,0,-9.8,
8,75,0,20,1.51189,0,-1,0,-9.8,
8,75,23.5114,20,2.07923,0,-1,0,-9.8,
12,75,0,20,0.87344,0,-1,0,-9.8,
12,75,32.3607,20,3.1727,0,-1,0,-9.8,
16,75,0,20,4.71816,0,-1,0,-9.8,
16,75,38.0423,20,6.29139,0,-1,0,-9.8,
20,75,0,20,3.32774,0,-1,0,-9.8,
20,75,40,20,0.793176,0,-1,0,-9.8,
24,75,0,20,6.14521,0,-1,0,-9.8,
24,75,38.0423,20,1.42827,0,-1,0,-9.8,
28,75,0,20,2.80709,0,-1,0,-9.8,
28,75,32.3607,20,8.24976,0,-1,0,-9.8,
32,75,0,20,4.3907,0,-1,0,-9.8,
32,75,23.5114,20,9.94415,0,-1,0,-9.8,
36,75,0,20,2.20954,0,-1,0,-9.8,
36,75,12.3607,20,1.07334,0,-1,0,-9.8,
0,76,0,20,5.18998,0,-1,0,-9.8,
0,76,0,20,2.64595,0,-1,0,-9.8,
4,76,0,20,0.0735496,0,-1,0,-9.8,
4,76,12.3607,20,5.7625,0,-1,0,-9.8,
8,76,0,20,7.70562,0,-1,0,-9.8,
8,76,23.5114,20,1.07517,0,-1,0,-9.8,
12,76,0,20,9.69207,0,-1,0,-9.8,
12,76,32.3607,20,3.69427,0,-1,0,-9.8,
16,76,0,20,9.03989,0,-1,0,-9.8,
16,76,38.0423,20,5.21714,0,-1,0,-9.8,
20,76,0,20,2.22663,0,-1,0,-9.8,
20,76,40,20,3.02622,0,-1,0,-9.8,
24,76,0,20,4.78469,0,-1,0,-9.8,
24,76,38.0423,20,3.10617,0,-1,0,-9.8,
28,76,0,20,4.14411,0,-1,0,-9.8,
28,76,32.3607,20,7.64733,0,-1,0,-9.8,
32,76,0,20,8.41609,0,-1,0,-9.8,
32,76,23.5114,20,3.89111,0,-1,0,-9.8,
36,76,0,20,4.27473,0,-1,0,-9.8,
36,76,12.3607,20,7.24174,0,-1,0,-9.8,
0,77,0,20,7.34916,0,-1,0,-9.8,
0,77,0,20,0.914029,0,-1,0,-9.8,
4,77,0,20,0.817286,0,-1,0,-9.8,
4,77,12.3607,20,7.53075,0,-1,0,-9.8,
8,77,0,20,8.4698,0,-1,0,-9.8,
8,77,23.5114,20,6.37806,0,-1,0,-9.8,
12,77,0,20,3.5963,0,-1,0,-9.8,
12,77,32.3607,20,4.75021,0,-1,0,-9.8,
16,77,0,20,0.943937,0,-1,0,-9.8,
16,77,38.0423,20,4.15296,0,-1,0,-9.8,
20,77,0,20,1.8836,0,-1,0,-9.8,
20,77,40,20,3.4312,0,-1,0,-9.8,
24,77,0,20,9.13388,0,-1,0,-9.8,
24,77,38.0423,20,2.29316,0,-1,0,-9.8,
28,77,0,20,3.10312,0,-1,0,-9.8,
28,77,32.3607,20,1.54271,0,-1,0,-9.8,
32,77,0,20,3.41533,0,-1,0,-9.8,
32,77,23.5114,20,1.82287,0,-1,0,-9.8,
36,77,0,20,2.72286,0,-1,0,-9.8,
36,77,12.3607,20,2.05939,0,-1,0,-9.8,
0,78,0,20,1.7246,0,-1,0,-9.8,
0,78,0,20,3.35276,0,-1,0,-9.8,
4,78,0,20,0.654317,0,-1,0,-9.8,
4,78,12.3607,20,5.01907,0,-1,0,-9.8,
8,78,0,20,9.63683,0,-1,0,-9.8,
8,78,23.5114,20,8.09259,0,-1,0,-9.8,
12,78,0,20,4.46455,0,-1,0,-9.8,
12,78,32.3607,20,9.12992,0,-1,0,-9.8,
16,78,0,20,1.79266,0,-1,0,-9.8,
16,78,38.0423,20,4.81918,0,-1,0,-9.8,
20,78,0,20,4.72091,0,-1,0,-9.8,
20,78,40,20,6.9924,0,-1,0,-9.8,
24,78,0,20,2.48604,0,-1,0,-9.8,
24,78,38.0423,20,9.36705,0,-1,0,-9.8,
28,78,0,20,2.77444,0,-1,0,-9.8,
28,78,32.3607,20,2.99539,0,-1,0,-9.8,
32,78,0,20,8.22443,0,-1,0,-9.8,
32,78,23.5114,20,8.19636,0,-1,0,-9.8,
36,78,0,20,6.29902,0,-1,0,-9.8,
36,78,12.3607,20,7.95068,0,-1,0,-9.8,
0,79,0,20,0.0720237,0,-1,0,-9.8,
0,79,0,20,2.60964,0,-1,0,-9.8,
4,79,0,20,2.89529,0,-1,0,-9.8,
4,79,12.3607,20,9.52971,0,-1,0,-9.8,
8,79,0,20,8.59462,0,-1,0,-9.8,
8,79,23.5114,20,5.17441,0,-1,0,-9.8,
12,79,0,20,7.07511,0,-1,0,-9.8,
12,79,32.3607,20,2.56172,0,-1,0,-9.8,
16,79,0,20,9.21049,0,-1,0,-9.8,
16,79,38.0423,20,4.91256,0,-1,0,-9.8,
20,79,0,20,0.935392,0,-1,0,-9.8,
20,79,40,20,8.25983,0,-1,0,-9.8,
24,79,0,20,0.76693,0,-1,0,-9.8,
24,79,38.0423,20,2.82632,0,-1,0,-9.8,
28,79,0,20,3.83862,0,-1,0,-9.8,
28,79,32.3607,20,6.43269,0,-1,0,-9.8,
32,79,0,20,5.15091,0,-1,0,-9.8,
32,79,23.5114,20,4.31532,0,-1,0,-9.8,
36,79,0,20,1.40721,0,-1,0,-9.8,
36,79,12.3607,20,9.74975,0,-1,0,-9.8,
0,80,0,20,0.746178,0,-1,0,-9.8,
0,80,0,20,0.0518815,0,-1,0,-9.8,
4,80,0,20,9.14792,0,-1,0,-9.8,
4,80,12.3607,20,4.11664,0,-1,0,-9.8,
8,80,0,20,7.55333,0,-1,0,-9.8,
8,80,23.5114,20,1.87658,0,-1,0,-9.8,
12,80,0,20,1.01718,0,-1,0,-9.8,
12,80,32.3607,20,4.23139,0,-1,0,-9.8,
16,80,0,20,6.77938,0,-1,0,-9.8,
16,80,38.0423,20,5.27421,0,-1,0,-9.8,
20,80,0,20,8.24213,0,-1,0,-9.8,
20,80,40,20,8.37184,0,-1,0,-9.8,
24,80,0,20,2.71493,0,-1,0,-9.8,
24,80,38.0423,20,4.99496,0,-1,0,-9.8,
28,80,0,20,8.70449,0,-1,0,-9.8,
28,80,32.3607,20,1.48991,0,-1,0,-9.8,
32,80,0,20,9.70794,0,-1,0,-9.8,
32,80,23.5114,20,5.38377,0,-1,0,-9.8,
36,80,0,20,2.20679,0,-1,0,-9.8,
36,80,12.3607,20,0.66744,0,-1,0,-9.8,
0,81,0,20,2.04627,0,-1,0,-9.8,
0,81,0,20,1.97729,0,-1,0,-9.8,
4,81,0,20,1.92907,0,-1,0,-9.8,
4,81,12.3607,20,1.9953,0,-1,0,-9.8,
8,81,0,20,9.56786,0,-1,0,-9.8,
8,81,23.5114,20,5.93493,0,-1,0,-9.8,
12,81,0,20,7.38792,0,-1,0,-9.8,
12,81,32.3607,20,2.94382,0,-1,0,-9.8,
16,81,0,20,6.7983,0,-1,0,-9.8,
16,81,38.0423,20,7.86126,0,-1,0,-9.8,
20,81,0,20,9.21323,0,-1,0,-9.8,
20,81,40,20,9.28434,0,-1,0,-9.8,
24,81,0,20,8.44325,0,-1,0,-9.8,
24,81,38.0423,20,2.5898,0,-1,0,-9.8,
28,81,0,20,1.05441,0,-1,0,-9.8,
28,81,32.3607,20,0.618915,0,-1,0,-9.8,
32,81,0,20,9.03775,0,-1,0,-9.8,
32,81,23.5114,20,1.4832,0,-1,0,-9.8,
36,81,0,20,8.92758,0,-1,0,-9.8,
36,81,12.3607,20,3.59416,0,-1,0,-9.8,
0,82,0,20,9.56694,0,-1,0,-9.8,
0,82,0,20,3.81573,0,-1,0,-9.8,
4,82,0,20,3.31462,0,-1,0,-9.8,
4,82,12.3607,20,6.84561,0,-1,0,-9.8,
8,82,0,20,8.87539,0,-1,0,-9.8,
8,82,23.5114,20,3.80108,0,-1,0,-9.8,
12,82,0,20,4.33271,0,-1,0,-9.8,
12,82,32.3607,20,6.74642,0,-1,0,-9.8,
16,82,0,20,2.67098,0,-1,0,-9.8,
16,82,38.0423,20,4.82833,0,-1,0,-9.8,
20,82,0,20,5.27848,0,-1,0,-9.8,
20,82,40,20,8.02057,0,-1,0,-9.8,
24,82,0,20,7.94122,0,-1,0,-9.8,
24,82,38.0423,20,7.4633,0,-1,0,-9.8,
28,82,0,20,4.86679,0,-1,0,-9.8,
28,82,32.3607,20,8.27784,0,-1,0,-9.8,
32,82,0,20,5.59038,0,-1,0,-9.8,
32,82,23.5114,20,2.78787,0,-1,0,-9.8,
36,82,0,20,3.47179,0,-1,0,-9.8,
36,82,12.3607,20,0.541398,0,-1,0,-9.8,
0,83,0,20,9.11252,0,-1,0,-9.8,
0,83,0,20,7.62902,0,-1,0,-9.8,
4,83,0,20,3.6848,0,-1,0,-9.8,
4,83,12.3607,20,2.82388,0,-1,0,-9.8,
8,83,0,20,2.11249,0,-1,0,-9.8,
8,83,23.5114,20,3.24564,0,-1,0,-9.8,
12,83,0,20,0.501419,0,-1,0,-9.8,
12,83,32.3607,20,8.81619,0,-1,0,-9.8,
16,83,0,20,2.48817,0,-1,0,-9.8,
16,83,38.0423,20,4.03821,0,-1,0,-9.8,
20,83,0,20,1.44871,0,-1,0,-9.8,
20,83,40,20,8.75271,0,-1,0,-9.8,
24,83,0,20,6.08112,0,-1,0,-9.8,
24,83,38.0423,20,7.83654,0,-1,0,-9.8,
28,83,0,20,1.96844,0,-1,0,-9.8,
28,83,32.3607,20,4.51704,0,-1,0,-9.8,
32,83,0,20,7.61773,0,-1,0,-9.8,
32,83,23.5114,20,4.33332,0,-1,0,-9.8,
36,83,0,20,6.36464,0,-1,0,-9.8,
36,83,12.3607,20,8.04559,0,-1,0,-9.8,
0,84,0,20,1.74444,0,-1,0,-9.8,
0,84,0,20,3.22672,0,-1,0,-9.8,
4,84,0,20,9.63195,0,-1,0,-9.8,
4,84,12.3607,20,7.09403,0,-1,0,-9.8,
8,84,0,20,1.97546,0,-1,0,-9.8,
8,84,23.5114,20,8.6288,0,-1,0,-9.8,
12,84,0,20,0.473037,0,-1,0,-9.8,
12,84,32.3607,20,7.43217,0,-1,0,-9.8,
16,84,0,20,0.360424,0,-1,0,-9.8,
16,84,38.0423,20,1.30833,0,-1,0,-9.8,
20,84,0,20,0.823695,0,-1,0,-9.8,
20,84,40,20,5.5269,0,-1,0,-9.8,
24,84,0,20,5.68957,0,-1,0,-9.8,
24,84,38.0423,20,5.33006,0,-1,0,-9.8,
28,84,0,20,2.18879,0,-1,0,-9.8,
28,84,32.3607,20,0.771813,0,-1,0,-9.8,
32,84,0,20,3.04605,0,-1,0,-9.8,
32,84,23.5114,20,0.644551,0,-1,0,-9.8,
36,84,0,20,4.11267,0,-1,0,-9.8,
36,84,12.3607,20,1.33702,0,-1,0,-9.8,
0,85,0,20,2.51686,0,-1,0,-9.8,
0,85,0,20,8.20643,0,-1,0,-9.8,
4,85,0,20,5.08774,0,-1,0,-9.8,
4,85,12.3607,20,2.68715,0,-1,0,-9.8,
8,85,0,20,9.87945,0,-1,0,-9.8,
8,85,23.5114,20,9.16532,0,-1,0,-9.8,
12,85,0,20,1.21738,0,-1,0,-9.8,
12,85,32.3607,20,2.84433,0,-1,0,-9.8,
16,85,0,20,7.06961,0,-1,0,-9.8,
16,85,38.0423,20,4.70931,0,-1,0,-9.8,
20,85,0,20,2.94748,0,-1,0,-9.8,
20,85,40,20,3.44646,0,-1,0,-9.8,
24,85,0,20,5.25101,0,-1,0,-9.8,
24,85,38.0423,20,8.11121,0,-1,0,-9.8,
28,85,0,20,5.17228,0,-1,0,-9.8,
28,85,32.3607,20,0.673238,0,-1,0,-9.8,
32,85,0,20,8.29218,0,-1,0,-9.8,
32,85,23.5114,20,5.54399,0,-1,0,-9.8,
36,85,0,20,1.03641,0,-1,0,-9.8,
36,85,12.3607,20,5.09568,0,-1,0,-9.8,
0,86,0,20,9.46684,0,-1,0,-9.8,
0,86,0,20,7.23106,0,-1,0,-9.8,
4,86,0,20,4.73922,0,-1,0,-9.8,
4,86,12.3607,20,4.51308,0,-1,0,-9.8,
8,86,0,20,9.18882,0,-1,0,-9.8,
8,86,23.5114,20,5.48845,0,-1,0,-9.8,
12,86,0,20,3.65276,0,-1,0,-9.8,
12,86,32.3607,20,8.84365,0,-1,0,-9.8,
16,86,0,20,6.59719,0,-1,0,-9.8,
16,86,38.0423,20,1.22532,0,-1,0,-9.8,
20,86,0,20,5.07401,0,-1,0,-9.8,
20,86,40,20,1.1243,0,-1,0,-9.8,
24,86,0,20,2.79794,0,-1,0,-9.8,
24,86,38.0423,20,5.46464,0,-1,0,-9.8,
28,86,0,20,7.91284,0,-1,0,-9.8,
28,86,32.3607,20,3.69182,0,-1,0,-9.8,
32,86,0,20,8.58119,0,-1,0,-9.8,
32,86,23.5114,20,7.44346,0,-1,0,-9.8,
36,86,0,20,4.63851,0,-1,0,-9.8,
36,86,12.3607,20,3.59661,0,-1,0,-9.8,
0,87,0,20,4.42091,0,-1,0,-9.8,
0,87,0,20,5.85925,0,-1,0,-9.8,
4,87,0,20,3.7904,0,-1,0,-9.8,
4,87,12.3607,20,6.32038,0,-1,0,-9.8,
8,87,0,20,5.57604,0,-1,0,-9.8,
8,87,23.5114,20,4.82589,0,-1,0,-9.8,
12,87,0,20,8.36665,0,-1,0,-9.8,
12,87,32.3607,20,1.85705,0,-1,0,-9.8,
16,87,0,20,0.0970489,0,-1,0,-9.8,
16,87,38.0423,20,1.09256,0,-1,0,-9.8,
20,87,0,20,0.406201,0,-1,0,-9.8,
20,87,40,20,2.21778,0,-1,0,-9.8,
24,87,0,20,2.55959,0,-1,0,-9.8,
24,87,38.0423,20,4.10291,0,-1,0,-9.8,
28,87,0,20,7.07602,0,-1,0,-9.8,
28,87,32.3607,20,4.42732,0,-1,0,-9.8,
32,87,0,20,1.33061,0,-1,0,-9.8,
32,87,23.5114,20,5.44053,0,-1,0,-9.8,
36,87,0,20,8.56777,0,-1,0,-9.8,
36,87,12.3607,20,8.06635,0,-1,0,-9.8,
0,88,0,20,2.18268,0,-1,0,-9.8,
0,88,0,20,9.23826,0,-1,0,-9.8,
4,88,0,20,3.13364,0,-1,0,-9.8,
4,88,12.3607,20,1.43223,0,-1,0,-9.8,
8,88,0,20,6.06861,0,-1,0,-9.8,
8,88,23.5114,20,0.102847,0,-1,0,-9.8,
12,88,0,20,9.55565,0,-1,0,-9.8,
12,88,32.3607,20,5.37248,0,-1,0,-9.8,
16,88,0,20,3.86883,0,-1,0,-9.8,
16,88,38.0423,20,0.123905,0,-1,0,-9.8,
20,88,0,20,2.37068,0,-1,0,-9.8,
20,88,40,20,8.85708,0,-1,0,-9.8,
24,88,0,20,5.92456,0,-1,0,-9.8,
24,88,38.0423,20,1.52593,0,-1,0,-9.8,
28,88,0,20,0.16541,0,-1,0,-9.8,
28,88,32.3607,20,5.35203,0,-1,0,-9.8,
32,88,0,20,9.16715,0,-1,0,-9.8,
32,88,23.5114,20,6.5273,0,-1,0,-9.8,
36,88,0,20,2.24464,0,-1,0,-9.8,
36,88,12.3607,20,4.0556,0,-1,0,-9.8,
0,89,0,20,9.65819,0,-1,0,-9.8,
0,89,0,20,0.970794,0,-1,0,-9.8,
4,89,0,20,3.99579,0,-1,0,-9.8,
4,89,12.3607,20,5.06119,0,-1,0,-9.8,
8,89,0,20,3.35307,0,-1,0,-9.8,
8,89,23.5114,20,3.2841,0,-1,0,-9.8,
12,89,0,20,6.25416,0,-1,0,-9.8,
12,89,32.3607,20,2.50771,0,-1,0,-9.8,
16,89,0,20,2.89956,0,-1,0,-9.8,
16,89,38.0423,20,5.33525,0,-1,0,-9.8,
20,89,0,20,8.98679,0,-1,0,-9.8,
20,89,40,20,4.78072,0,-1,0,-9.8,
24,89,0,20,3.28166,0,-1,0,-9.8,
24,89,38.0423,20,6.74581,0,-1,0,-9.8,
28,89,0,20,4.60341,0,-1,0,-9.8,
28,89,32.3607,20,5.82751,0,-1,0,-9.8,
32,89,0,20,4.12763,0,-1,0,-9.8,
32,89,23.5114,20,9.223,0,-1,0,-9.8,
36,89,0,20,1.20975,0,-1,0,-9.8,
36,89,12.3607,20,6.64724,0,-1,0,-9.8,
0,90,0,20,1.48686,0,-1,0,-9.8,
0,90,0,20,2.47383,0,-1,0,-9.8,
4,90,0,20,1.11576,0,-1,0,-9.8,
4,90,12.3607,20,1.02023,0,-1,0,-9.8,
8,90,0,20,6.89505,0,-1,0,-9.8,
8,90,23.5114,20,8.26441,0,-1,0,-9.8,
12,90,0,20,4.90738,0,-1,0,-9.8,
12,90,32.3607,20,4.53749,0,-1,0,-9.8,
16,90,0,20,6.53432,0,-1,0,-9.8,
16,90,38.0423,20,4.185,0,-1,0,-9.8,
20,90,0,20,6.39912,0,-1,0,-9.8,
20,90,40,20,0.992157,0,-1,0,-9.8,
24,90,0,20,8.30592,0,-1,0,-9.8,
24,90,38.0423,20,3.68633,0,-1,0,-9.8,
28,90,0,20,8.77956,0,-1,0,-9.8,
28,90,32.3607,20,5.20035,0,-1,0,-9.8,
32,90,0,20,9.62279,0,-1,0,-9.8,
32,90,23.5114,20,3.94696,0,-1,0,-9.8,
36,90,0,20,7.257,0,-1,0,-9.8,
36,90,12.3607,20,6.30604,0,-1,0,-9.8,
0,91,0,20,3.74126,0,-1,0,-9.8,
0,91,0,20,8.1341,0,-1,0,-9.8,
4,91,0,20,8.52565,0,-1,0,-9.8,
4,91,12.3607,20,0.639363,0,-1,0,-9.8,
8,91,0,20,7.43583,0,-1,0,-9.8,
8,91,23.5114,20,3.62377,0,-1,0,-9.8,
12,91,0,20,2.35603,0,-1,0,-9.8,
12,91,32.3607,20,8.18964,0,-1,0,-9.8,
16,91,0,20,7.83715,0,-1,0,-9.8,
16,91,38.0423,20,2.73934,0,-1,0,-9.8,
20,91,0,20,5.63219,0,-1,0,-9.8,
20,91,40,20,1.74718,0,-1,0,-9.8,
24,91,0,20,1.24241,0,-1,0,-9.8,
24,91,38.0423,20,7.57103,0,-1,0,-9.8,
28,91,0,20,4.138,0,-1,0,-9.8,
28,91,32.3607,20,2.79427,0,-1,0,-9.8,
32,91,0,20,1.70965,0,-1,0,-9.8,
32,91,23.5114,20,5.44206,0,-1,0,-9.8,
36,91,0,20,2.41249,0,-1,0,-9.8,
36,91,12.3607,20,3.18613,0,-1,0,-9.8,
0,92,0,20,2.25074,0,-1,0,-9.8,
0,92,0,20,6.5804,0,-1,0,-9.8,
4,92,0,20,6.98416,0,-1,0,-9.8,
4,92,12.3607,20,6.70248,0,-1,0,-9.8,
8,92,0,20,6.4333,0,-1,0,-9.8,
8,92,23.5114,20,0.56032,0,-1,0,-9.8,
12,92,0,20,3.29508,0,-1,0,-9.8,
12,92,32.3607,20,9.52239,0,-1,0,-9.8,
16,92,0,20,3.20688,0,-1,0,-9.8,
16,92,38.0423,20,3.07627,0,-1,0,-9.8,
20,92,0,20,1.62969,0,-1,0,-9.8,
20,92,40,20,3.68542,0,-1,0,-9.8,
24,92,0,20,2.76437,0,-1,0,-9.8,
24,92,38.0423,20,9.61119,0,-1,0,-9.8,
28,92,0,20,2.36213,0,-1,0,-9.8,
28,92,32.3607,20,2.60811,0,-1,0,-9.8,
32,92,0,20,6.24836,0,-1,0,-9.8,
32,92,23.5114,20,7.56035,0,-1,0,-9.8,
36,92,0,20,5.82812,0,-1,0,-9.8,
36,92,12.3607,20,2.71004,0,-1,0,-9.8,
0,93,0,20,7.12149,0,-1,0,-9.8,
0,93,0,20,3.37901,0,-1,0,-9.8,
4,93,0,20,7.14133,0,-1,0,-9.8,
4,93,12.3607,20,0.215766,0,-1,0,-9.8,
8,93,0,20,7.00552,0,-1,0,-9.8,
8,93,23.5114,20,6.30696,0,-1,0,-9.8,
12,93,0,20,1.26377,0,-1,0,-9.8,
12,93,32.3607,20,7.19871,0,-1,0,-9.8,
16,93,0,20,3.80902,0,-1,0,-9.8,
16,93,38.0423,20,5.23942,0,-1,0,-9.8,
20,93,0,20,8.64132,0,-1,0,-9.8,
20,93,40,20,5.91937,0,-1,0,-9.8,
24,93,0,20,4.95163,0,-1,0,-9.8,
24,93,38.0423,20,0.307932,0,-1,0,-9.8,
28,93,0,20,6.71773,0,-1,0,-9.8,
28,93,32.3607,20,5.53484,0,-1,0,-9.8,
32,93,0,20,3.4959,0,-1,0,-9.8,
32,93,23.5114,20,5.72588,0,-1,0,-9.8,
36,93,0,20,7.64275,0,-1,0,-9.8,
36,93,12.3607,20,0.226447,0,-1,0,-9.8,
0,94,0,20,0.00640889,0,-1,0,-9.8,
0,94,0,20,5.46953,0,-1,0,-9.8,
4,94,0,20,7.4807,0,-1,0,-9.8,
4,94,12.3607,20,2.82235,0,-1,0,-9.8,
8,94,0,20,7.94031,0,-1,0,-9.8,
8,94,23.5114,20,8.35231,0,-1,0,-9.8,
12,94,0,20,7.23807,0,-1,0,-9.8,
12,94,32.3607,20,2.96457,0,-1,0,-9.8,
16,94,0,20,5.38652,0,-1,0,-9.8,
16,94,38.0423,20,4.05591,0,-1,0,-9.8,
20,94,0,20,1.01779,0,-1,0,-9.8,
20,94,40,20,3.89386,0,-1,0,-9.8,
24,94,0,20,0.967132,0,-1,0,-9.8,
24,94,38.0423,20,6.68203,0,-1,0,-9.8,
28,94,0,20,1.6184,0,-1,0,-9.8,
28,94,32.3607,20,6.90939,0,-1,0,-9.8,
32,94,0,20,6.70766,0,-1,0,-9.8,
32,94,23.5114,20,7.38517,0,-1,0,-9.8,
36,94,0,20,8.88241,0,-1,0,-9.8,
36,94,12.3607,20,7.56584,0,-1,0,-9.8,
0,95,0,20,5.69506,0,-1,0,-9.8,
0,95,0,20,2.64931,0,-1,0,-9.8,
4,95,0,20,1.11454,0,-1,0,-9.8,
4,95,12.3607,20,2.67129,0,-1,0,-9.8,
8,95,0,20,7.33451,0,-1,0,-9.8,
8,95,23.5114,20,9.77477,0,-1,0,-9.8,
12,95,0,20,4.87899,0,-1,0,-9.8,
12,95,32.3607,20,2.14911,0,-1,0,-9.8,
16,95,0,20,8.01202,0,-1,0,-9.8,
16,95,38.0423,20,6.12903,0,-1,0,-9.8,
20,95,0,20,3.48521,0,-1,0,-9.8,
20,95,40,20,4.8262,0,-1,0,-9.8,
24,95,0,20,9.98505,0,-1,0,-9.8,
24,95,38.0423,20,3.73669,0,-1,0,-9.8,
28,95,0,20,9.47996,0,-1,0,-9.8,
28,95,32.3607,20,2.20618,0,-1,0,-9.8,
32,95,0,20,6.30268,0,-1,0,-9.8,
32,95,23.5114,20,5.75701,0,-1,0,-9.8,
36,95,0,20,1.45543,0,-1,0,-9.8,
36,95,12.3607,20,9.29899,0,-1,0,-9.8,
0,96,0,20,4.5793,0,-1,0,-9.8,
0,96,0,20,6.42323,0,-1,0,-9.8,
4,96,0,20,0.486465,0,-1,0,-9.8,
4,96,12.3607,20,6.55751,0,-1,0,-9.8,
8,96,0,20,7.42393,0,-1,0,-9.8,
8,96,23.5114,20,0.999786,0,-1,0,-9.8,
12,96,0,20,6.50746,0,-1,0,-9.8,
12,96,32.3607,20,1.99591,0,-1,0,-9.8,
16,96,0,20,2.34352,0,-1,0,-9.8,
16,96,38.0423,20,7.32139,0,-1,0,-9.8,
20,96,0,20,9.94537,0,-1,0,-9.8,
20,96,40,20,7.54112,0,-1,0,-9.8,
24,96,0,20,8.93307,0,-1,0,-9.8,
24,96,38.0423,20,5.47655,0,-1,0,-9.8,
28,96,0,20,8.91781,0,-1,0,-9.8,
28,96,32.3607,20,8.68862,0,-1,0,-9.8,
32,96,0,20,6.15955,0,-1,0,-9.8,
32,96,23.5114,20,7.19901,0,-1,0,-9.8,
36,96,0,20,7.31071,0,-1,0,-9.8,
36,96,12.3607,20,1.51921,0,-1,0,-9.8,
0,97,0,20,7.56218,0,-1,0,-9.8,
0,97,0,20,1.52776,0,-1,0,-9.8,
4,97,0,20,4.04736,0,-1,0,-9.8,
4,97,12.3607,20,6.1449,0,-1,0,-9.8,
8,97,0,20,7.16788,0,-1,0,-9.8,
8,97,23.5114,20,8.29981,0,-1,0,-9.8,
12,97,0,20,8.86044,0,-1,0,-9.8,
12,97,32.3607,20,0.637226,0,-1,0,-9.8,
16,97,0,20,3.94757,0,-1,0,-9.8,
16,97,38.0423,20,6.03626,0,-1,0,-9.8,
20,97,0,20,4.88083,0,-1,0,-9.8,
20,97,40,20,4.51369,0,-1,0,-9.8,
24,97,0,20,7.61803,0,-1,0,-9.8,
24,97,38.0423,20,5.78784,0,-1,0,-9.8,
28,97,0,20,3.35734,0,-1,0,-9.8,
28,97,32.3607,20,5.83056,0,-1,0,-9.8,
32,97,0,20,3.60332,0,-1,0,-9.8,
32,97,23.5114,20,7.49748,0,-1,0,-9.8,
36,97,0,20,0.814539,0,-1,0,-9.8,
36,97,12.3607,20,0.95645,0,-1,0,-9.8,
0,98,0,20,9.9707,0,-1,0,-9.8,
0,98,0,20,0.444655,0,-1,0,-9.8,
4,98,0,20,3.9668,0,-1,0,-9.8,
4,98,12.3607,20,1.08188,0,-1,0,-9.8,
8,98,0,20,4.1496,0,-1,0,-9.8,
8,98,23.5114,20,4.33912,0,-1,0,-9.8,
12,98,0,20,2.69723,0,-1,0,-9.8,
12,98,32.3607,20,4.53017,0,-1,0,-9.8,
16,98,0,20,2.24982,0,-1,0,-9.8,
16,98,38.0423,20,2.6133,0,-1,0,-9.8,
20,98,0,20,6.41743,0,-1,0,-9.8,
20,98,40,20,8.93094,0,-1,0,-9.8,
24,98,0,20,8.78964,0,-1,0,-9.8,
24,98,38.0423,20,4.49324,0,-1,0,-9.8,
28,98,0,20,4.11695,0,-1,0,-9.8,
28,98,32.3607,20,2.32063,0,-1,0,-9.8,
32,98,0,20,9.64415,0,-1,0,-9.8,
32,98,23.5114,20,7.39372,0,-1,0,-9.8,
36,98,0,20,3.41716,0,-1,0,-9.8,
36,98,12.3607,20,7.23045,0,-1,0,-9.8,
0,99,0,20,6.03381,0,-1,0,-9.8,
0,99,0,20,6.21448,0,-1,0,-9.8,
4,99,0,20,8.94223,0,-1,0,-9.8,
4,99,12.3607,20,6.82485,0,-1,0,-9.8,
8,99,0,20,2.35633,0,-1,0,-9.8,
8,99,23.5114,20,1.08798,0,-1,0,-9.8,
12,99,0,20,5.31663,0,-1,0,-9.8,
12,99,32.3607,20,7.15506,0,-1,0,-9.8,
16,99,0,20,5.67949,0,-1,0,-9.8,
16,99,38.0423,20,0.151067,0,-1,0,-9.8,
20,99,0,20,5.1091,0,-1,0,-9.8,
20,99,40,20,4.58449,0,-1,0,-9.8,
24,99,0,20,9.70855,0,-1,0,-9.8,
24,99,38.0423,20,8.89645,0,-1,0,-9.8,
28,99,0,20,7.02383,0,-1,0,-9.8,
28,99,32.3607,20,2.45827,0,-1,0,-9.8,
32,99,0,20,1.03549,0,-1,0,-9.8,
32,99,23.5114,20,2.66671,0,-1,0,-9.8,
36,99,0,20,4.66292,0,-1,0,-9.8,
36,99,12.3607,20,6.06769,0,-1,0,-9.8,
